English,Italian
Blue rope choker statement necklace,Collana girocollo a corda blu
Toronto Maple Leafs Beer Pong Table,Tavolo da Beer Pong Toronto Maple Leafs
Bible Promises for Graduates (Pink),Promesse della Bibbia per i diplomati (rosa)
Journey to the River Sea (Audio CD),Viaggio al fiume mare (CD audio)
Road of  the Dead Sea Stock Footage,Filmato stock della strada del Mar Morto
Ladies new fashion dresses pakistani,Nuovi abiti alla moda da donna pakistani
grayscale photo of closed-eyes woman,Foto in scala di grigi di donna con occhi chiusi
How to Build Bookcases & Bookshelves,Come costruire librerie e scaffali per libri
Vaporwave Retro Womens Fitted T-Shirt,Maglietta aderente da donna in stile Vaporwave retrò
Secrets of Business Math Using Excel!,Segreti della matematica aziendale usando Excel!
Brittany Wooden Leg Bar Stool Natural,Sgabello da bar in legno di betulla naturale
Magical Unicorn with Rainbow Necklace,Unicorno magico con collana arcobaleno
South West Wales Dormlodge pool table,Tavolo da biliardo Dormlodge nel Galles sud-occidentale
Harley Quinn #62 comic books for sale,Fumetti Harley Quinn #62 in vendita
Fitness woman training by kettlebell.,Donna fitness che si allena con kettlebell
Tips for Delivering an Elevator Pitch,Consigli per presentare un discorso di presentazione
Grounded The Making of The Last of Us,Grounded: La creazione di The Last of Us
The Oxford Spanish/English Dictionary,Dizionario Oxford Spagnolo/Inglese
Oil barrels imposed over a line graph,Barili di petrolio imposti su un grafico a linee
a woman standing in front of a window,Una donna in piedi davanti a una finestra
The Protein Works referral code offer,Offerta codice di riferimento The Protein Works
Fashion Outdoor Travel Canvas Backpack,Zaino in tela da viaggio alla moda outdoor
Mark Todd Lightweight Pony Turnout Rug,Coperta leggera per pony Mark Todd
Outdoor Shower Area with Spanish Tile:,Area doccia esterna con piastrelle spagnole
New Delhi India Skyline Shower Curtain,"Tenda da doccia skyline di New Delhi, India"
Historical Notes to the Lyra Germanica,Note storiche sulla Lyra Germanica
Green letter vector image vector image,Lettera verde immagine vettoriale
Alpine Falls in Loyalsock State Forest,Cascate Alpine nella Foresta Statale di Loyalsock
Nuclear Power Plant Stock Illustration,Illustrazione stock di centrale nucleare
paralyzed athlete walks down the aisle,Atleta paralizzato cammina lungo il corridoio
How to dress like the 80s men clipart.,Come vestirsi come negli anni '80 (clipart per uomini)
The article as it originally appeared.,L'articolo come è apparso originariamente
Silhouette of wolf with moon and stars,Silhouette di un lupo con luna e stelle
Boston Warehouse cow creamer and sugar,Bricco per la panna e zuccheriera a forma di mucca Boston Warehouse
Bible Verses For Womens Birthday Cards,Versetti della Bibbia per biglietti di compleanno per donne
Image result for youth worker superhero,Risultato dell'immagine per supereroe lavoratore giovanile
Hotel Chocolat Collection of the Season,Collezione di Cioccolato di stagione dell’Hotel
Japanese Bedroom Design For Small Space,Design di camera da letto giapponese per piccoli spazi
DON'T KEEP CALM IT'S MY 22ND BIRTHDAY !,NON MANTENERE LA CALMA È IL MIO 22° COMPLEANNO!
Fresh Living now available in Mauritius,Fresh Living ora disponibile alle Mauritius
Genial Experienced PHP Developer Resume,Curriculum di sviluppatore PHP esperto
Kids That Totally Suck At Hide And Seek,Bambini che giocano a nascondino in modo totalmente pessimo
can you use prednisone for bodybuilding,Puoi usare il prednisone per il bodybuilding?
Half Blood (A Helheim Wolf Pack Tale #1),Mezzo sangue (Un racconto del branco di lupi di Helheim #1)
travel quotes life is a daring adventure,Citazioni di viaggio: la vita è un'avventura audace
Plaid Winter Cashmere Scarf with Tassels,Sciarpa invernale a quadri in cashmere con frange
Harry Potter and International Relations,Harry Potter e le relazioni internazionali
Assisi Doorways Portable Battery Charger,Caricatore portatile Assisi Doorways
Detroit Blues: Blues from the Motor City,Detroit Blues: Blues dalla città dei motori
Helle Frederiksen leads the run in Texas,Helle Frederiksen guida la corsa in Texas
5 Causes of Brain Fog and How to Beat It,5 cause della nebbia mentale e come sconfiggerla
Beautiful bride with wedding flowers bou,Bella sposa con bouquet di fiori da matrimonio
University Figure Skating Greeting Cards,Biglietti di auguri pattinaggio artistico universitario
Rubio's radical denial of climate change,Il rifiuto radicale di Rubio del cambiamento climatico
Win Tickets to Jesus Christ Superstar!!!,Vinci i biglietti per Jesus Christ Superstar!!!
Jay King Multicolored Astrophyllite Ring,Anello Astrophyllite multicolore di Jay King
Rocco's Mama's Meatballs. Photo by Lois M,Le polpette di mamma di Rocco. Foto di Lois M
Barbour Blue Cotton Trench Coat for Women,Trench di cotone blu Barbour per donne
Four killed as chairlift falls into Indus,Quattro uccisi mentre la seggiovia cade nel fiume Indo
Rhuddlan Castle royalty free stock images,Immagini stock royalty free del castello di Rhuddlan
Whale leaping from ocean at Puerto Madryn,Balena che salta dall'oceano a Puerto Madryn
"Figs: Nutrition, Benefits and Recipe Tips","Fichi: Nutrizione, benefici e suggerimenti per ricette"
Monarch Close-up Portable Battery Charger,Caricatore portatile con primo piano di una farfalla
A black dog snuggles with a tabby kitten.,Un cane nero si coccola con un gattino tigrato
People riding across a bridge over a river,Persone che attraversano un ponte sopra un fiume
how to install a two handle kitchen faucet,Come installare un rubinetto da cucina a due maniglie
Digital Wedding Photography Photo Workshop,Workshop di fotografia digitale di matrimoni
Fort Logan National Cemetary in the Autumn,Cimitero nazionale di Fort Logan in autunno
germany berlin checkpoint charlie fish eye,Germania Berlino Checkpoint Charlie foto fish-eye
Lions And Tigers And Bears Carry-all Pouch,"Borsa con leone, tigri e orsi"
Tarragon Lamb Shanks with Cannellini Beans,Stinchi d'agnello al dragoncello con fagioli cannellini
Hand painted bollywood movie posters Suhaag,Poster di film di Bollywood Suhaag dipinti a mano
Stretch from comfort zone to learning zone.,Passa dalla zona di comfort alla zona di apprendimento
Sailboat at Sunset reflections on the Ocean,Barca a vela al tramonto con riflessi sull'oceano
pre-seasoned cast iron dutch oven with feet,Pentola olandese in ghisa pre-condizionata con piedi
Calvin Klein slim fit 4-pocket sateen pants,Pantaloni slim fit a 4 tasche in satin Calvin Klein
Glass with light beer isolated on the white,Bicchiere con birra chiara isolato su sfondo bianco
Full length silhouette of a woman at sunset,Silhouette a figura intera di una donna al tramonto
FNN: Pope Francis Arrives in Washington D.C.,FNN: Papa Francesco arriva a Washington D.C.
aramid fibers have more colors avaliable now,Ora sono disponibili più colori per le fibre aramidiche
emotions faces: Set of cartoon females faces,emozioni facciali: Set di volti femminili dei cartoni animati
"Teacher Quotes, teaching without inspiration",Citazioni per insegnanti: insegnare senza ispirazione
Modern Digital Advertising Neon Signs Concept,Concetto di insegne al neon per la pubblicità digitale moderna
Skymark's new uniform riles cabin attendants,La nuova uniforme di Skymark infastidisce gli assistenti di volo
global nonfiction books for classroom library,Libri di saggistica globale per la biblioteca scolastica
how to put ribbon on a christmas tree youtube,Come mettere un nastro sull'albero di Natale (YouTube)
Original Antique Victorian Silver Lion Locket,Antico medaglione vittoriano in argento con leone originale
Nintendo - Super Mario Minimal Adjustable Cap,Berretto regolabile minimal Super Mario di Nintendo
From Worst to Best: Marvel Studios' Part Twos,Da peggio a meglio: i sequel della Marvel Studios
Iron Maiden: Legacy of the Beast - Night City,Iron Maiden: Legacy of the Beast - Città Notturna
woman in white wedding gown facing the mirror,Donna in abito da sposa bianco di fronte allo specchio
Stripe Sweaters Hip Hop Loose Pullover Sweater,Maglione a righe Hip Hop Loose Pullover
Meet the Condo That Comes With a Boat [PHOTOS],Incontra il condominio che viene fornito con una barca [FOTO]
Christmas beagle Shirts Ugly Christmas Sweater,Maglioni natalizi brutti con Beagle di Natale
Hereditary Breast Cancer Heart Wings Large Mug,Cancro al seno ereditario con cuore e ali (tazza grande)
The group of fish in motion by Stefano Colombo,Il gruppo di pesci in movimento di Stefano Colombo
Practical Stainless Steel rolling shutter door,Porta a serranda in acciaio inossidabile pratico
Black Pearl Pirates Stainless Steel Skull Ring,Anello con teschio in acciaio inossidabile dei Pirati della Perla Nera
Road improvements coming along in west Gulfport,I miglioramenti stradali avanzano a ovest di Gulfport
"The Countess Spencer with her son, Lord Althorp","La contessa Spencer con suo figlio, Lord Althorp"
Amplify Your Security to Fight Advanced Malware,Potenzia la tua sicurezza per combattere malware avanzati
Being God's Friend ebook by Charles H. Spurgeon,Essere amici di Dio ebook di Charles H. Spurgeon
Mercedes Benz autonomous concept car Stock Image,Immagine stock dell’auto-concept della macchina Mercedes Benz
Is Anything Beyond Forgiveness? [Video Download],C'è qualcosa al di là del perdono? [Video da scaricare]
Beautiful happy lady drinking glass of red wine.,Bella signora felice che beve un bicchiere di vino rosso
Biological Processing of Solid Waste Cover Image,Processo biologico di trattamento dei rifiuti solidi (immagine di copertina)
Chef With An Attitude Annoy At Your Own Risk Tee,Chef con atteggiamento: irritati a tuo rischio e pericolo (maglietta)
"brown wooden cabinet with shelf Chantilly, 20151","Mobile in legno marrone con scaffale Chantilly, 20151"
Tasty and appetizing hamburger on a darkly green,Hamburger gustoso e appetitoso su sfondo verde scuro
High-rise condo in Cayan Tower with amazing views,Condominio di lusso in Cayan Tower con viste incredibili
Delicious Biscuit Cake With Berries On Cake Stand,Deliziosa torta di biscotti con frutti di bosco su alzata per dolci
Cup Passing Game to the Addams Family Theme Song:,Gioco di passaggio tazza sulla canzone della famiglia Addams:
"Trees for Architecture and Landscape, 2nd Edition","Alberi per architettura e paesaggio, 2a edizione"
Personalised Star Children's Birthday Cake Topper,Topper personalizzato a stella per torta di compleanno per bambini
Horse Trailers for Sale at Wild West Trailer Sales,Rimorchi per cavalli in vendita da Wild West Trailer Sales
woman in black tank top holding plate with candies,Donna con canotta nera che tiene un piatto con caramelle
Young cannabis plant growing in pot by Lindsay Fox,Pianta di cannabis giovane che cresce in vaso (di Lindsay Fox)
Metrobank's north star elevates banking experience,La stella del nord di Metrobank eleva il settore bancario
Table decorations for Blush and dusty blue wedding,Decorazioni per tavoli da matrimonio in blush e blu polvere
Michelle Bachmann Campaigns Ahead Of Iowa Caucuses,Michelle Bachmann fa campagna prima dei caucus in Iowa
Cover for The Oxford Handbook of Transcendentalism,"Copertina per ""The Oxford Handbook of Transcendentalism"""
How to sew the lining to the skirt and skirt-pants,Come cucire la fodera su una gonna e pantaloni-gonna
Palermo Cathedral photomerge Editorial Photography,Cattedrale di Palermo (fotomontaggio editoriale)
Together We Make A Family Vinyl Wall Decal Sticker,Insieme creiamo una famiglia (adesivo da parete in vinile)
classical and nonclassical carbocation with example,Carbocatione classico e non classico con esempio
man and a woman go on sand Royalty Free Stock Image,Uomo e donna che camminano sulla sabbia (immagine stock royalty-free)
The South China Sea: The Struggle for Power in Asia,Il Mar Cinese Meridionale: La lotta per il potere in Asia
Image result for old actress urvashi marriage photo,Risultato dell'immagine per foto del matrimonio dell’anziana attrice Urvashi
beach wedding: Romantic Dinner for Two at the Beach,Matrimonio in spiaggia: Cena romantica per due sulla spiaggia
Batman Bitchslap - I heard you... Shut the fuck up!,Batman schiaffeggia - Ti ho sentito... Stai zitto!
Hand with tree and ground to environment care vector,Mano con albero e terreno per cura dell'ambiente (vettore)
Make up brush with purple dust on a black background,Pennello per trucco con polvere viola su sfondo nero
dare to make house floor plan by yourself ayanahouse,Osare fare il piano di casa da solo (Ayanahouse)
Wales forward Bale ruled out of World Cup qualifiers,Galles attaccante Bale escluso dalle qualificazioni per la Coppa del Mondo
20 warm colour combinations for your autumn wardrobe,20 combinazioni di colori caldi per il tuo guardaroba autunnale
American Furniture 2700 Stationary Living Room Group,Arredamento soggiorno stazionario American Furniture 2700
"real non petrol exports and imports, pre-crisis peak","Esportazioni e importazioni reali senza petrolio, picco pre-crisi"
"Family Forest, Tree, Car, Sun &  Birds Wall Sticker!","Foresta familiare, albero, auto, sole e uccelli (adesivo da parete)"
Cranberry Dreamy Angel Song Set of  Bridesmaids Robes,"Set di vestaglie per damigelle ""Canzone dell'Angelo dei Sogni"" in Cranberry"
Cool Welding Pictures How To Get Started With Welding,Foto di saldatura fighe: come iniziare con la saldatura
Vintage Hull Little Red Riding Hood Side Pour Creamer,Cremerino laterale vintage Hull Cappuccetto Rosso
Cheers! Personalized wedding Favor Tag Romantic Style,Saluti! Etichetta bomboniera per matrimonio personalizzata in stile romantico
Kareem Hello My Name Is Plastic Resin Button Set of 6,"Set di bottoni in plastica ""Ciao il mio nome è Kareem"" (6 pezzi)"
Workers clean the face of the Big Ben clock in London.,Lavoratori che puliscono il quadrante del Big Ben a Londra
Center for Curatorial Studies and Hessel Museum of Art,Centro per studi curatoriali e Hessel Museum of Art
3D digital art fantasy Island with lighthoue wallpaper,Arte digitale 3D fantasy: Isola con faro (sfondo)
Dictionary of the Teenage Revolution and Its Aftermath,Dizionario della Rivoluzione Teenager e le sue conseguenze
Louis Vuitton Monogram Tambourin (Authentic Pre Owned),Borsa a tracolla Louis Vuitton Monogram (usata autentica)
unbearable noise in my mind by SaraSmaha on DeviantArt,Rumore insopportabile nella mia mente di SaraSmaha su DeviantArt
Advanced Primary Maths 3 Australian Curriculum Edition,Matematica primaria avanzata 3 Curriculum Edizione Australiana
hipster galaxy beddig sets universe outer space themed,Set di biancheria da letto hipster galassia tema universo spazio esterno
Map Of Germany Regions.Germany Wine Regions By Vinmaps,Mappa delle regioni vinicole della Germania
Girly Light Purple Polka Dots on Purple Cute Gifts Mugs,Tazza femminile con pois lilla chiari su lilla chiaro (regali carini)
home hacks 12 clever closet makeover ideas thegoodstuff,Trucchi per la casa: 12 idee intelligenti per rinnovare l'armadio
Captain America: The First Avenger (Plus Bonus Content),Captain America: Il Primo Avenger (con contenuti bonus)
love grows vow renewal invitation watercolor invites at,L'amore cresce (invito al rinnovo delle promesse nuziali ad acquerello)
Pyramid Countdown To Christmas Advent Candle 33cm ~ Red,Calendario dell'avvento con candele natalizie piramidali 33 cm ~ Rosso
Tips To Make Cosmetic Surgery Easier And Understandable,Consigli per rendere la chirurgia estetica più semplice e comprensibile
Pick your checkers color Easily Customize This Postcard,Scegli il colore delle tue pedine (personalizza facilmente questa cartolina)
Thanksgiving sale autumn sales banner fall stock vector,"Vendita del Ringraziamento, banner per saldi autunnali (vettore di stock)"
All The Counties Represented On New Artwork Outside The,Tutte le contee rappresentate su una nuova opera d'arte all'esterno del...
Leopard wood entryway bench wayfair Leopard print bench,Panca da ingresso in legno leopardata wayfair (Panca con stampa leopardata)
Pastoral Counseling For Orphans And Vulnerable Children,Consulenza pastorale per orfani e bambini vulnerabili
Royal Caribbean International Cruise Line Supplier Award,Premio per il fornitore della linea di crociere Royal Caribbean International
A Cowgirl's Christmas (Carrigans of the Circle C Book 5),"Un Natale da cowgirl (serie Carrigans del Circle C, libro 5)"
Unique Chinese New Year Greetings In Chinese And English,Auguri unici per il Capodanno cinese in cinese e in inglese
Sales Training Manchester: Fundamentals Of Sales tickets,Formazione alle vendite a Manchester: Fondamenti della vendita di biglietti
Addiction Men Blazers - SUITS and CO-ORDS - Suit jackets,Giacche da uomo Addiction Blazers - Completi e coordinati - Giacche eleganti
top 10 strongest dogs top 10 breeds with strongest bites,"I 10 cani più forti, le 10 razze con il morso più potente"
"Signature platter with rice, plantains, salad, and meat.","Piatto principale con riso, platano, insalata e carne"
China justifies scrapping of two-term presidential limit,La Cina giustifica l'abolizione del limite di due mandati presidenziali
Why Tyson Fury has no plans to fight in UK after Tom ...,Perché Tyson Fury non ha intenzione di combattere nel Regno Unito dopo Tom...
Top Control Smart wi-fi Enabled Dishwasher with QuadWash,Lavastoviglie smart Top Control con Wi-Fi e QuadWash
Converse Brown and White Kids Chuck Taylor All Star - Hi,Converse marroni e bianche per bambini Chuck Taylor All Star - Hi
WHY SOME PEOPLE CAN LAND KICKFLIPS AND SOME PEOPLE CAN'T,"Perché alcune persone riescono a fare il ""kickflip"" e altre no?"
Stone on the shore of the lake. Royalty Free Stock Image,Pietra sulla riva del lago (immagine stock royalty-free)
building construction engineer or architect vector image,Ingegnere o architetto per costruzioni edili (immagine vettoriale)
Minds and Bodies : An Introduction with Readings - eBook,Menti e corpi: Un'introduzione con letture - eBook
happy mothers day greeting card a beautiful vector image,"Felice festa della mamma (cartolina di auguri, bella immagine vettoriale)"
Iphigenia in Thrakien am Teatro de la Zarzuela in Madrid,Ifigenia in Tracia al Teatro de la Zarzuela di Madrid
Non-alcoholic drink garnished with lime standing on a bar,Bevanda analcolica guarnita con lime sul bancone di un bar
Gareth Bale in action for Real Madrid against Inter Milan,Gareth Bale in azione per il Real Madrid contro l’Inter a Milano
India begins next phase of COVID vaccination from Monday:,L'India inizia la fase successiva della vaccinazione COVID da lunedì:
What Steven Moffat Regrets Most About Doctor Who Season 9,Cosa rimpiange di più Steven Moffat di Doctor Who stagione 9
dark gray stained cabinets best home furniture decoration,"Mobili grigio scuro per cucina, migliore decorazione per la casa"
Armed forces. Special forces in urban assault stock photo,Forze armate. Forze speciali in assalto urbano (foto stock)
Lovable Pink Rabbit Fashion Dog Clothes pictures & photos,Abbigliamento per cani alla moda: simpatico coniglietto rosa (immagine)
garden pergola ideas to help you plan your backyard setup,Idee per pergole da giardino per aiutarti a pianificare il tuo spazio esterno
Loris Karius joined Liverpool from Mainz over the summer.,Loris Karius si è unito al Liverpool dal Mainz in estate
"Armor of God, : Armor of God and Long Sword Coloring Page",L'armatura di Dio e lunga spada (pagina da colorare)
Students taking measurements at Muriwai Beach from above.,Studenti che prendono misure sulla spiaggia di Muriwai dall'alto
Red Sunset Sky In Cincinnati Ohio Portable Battery Charger,"Tramonto rosso nel cielo a Cincinnati, Ohio (caricabatterie portatile)"
"Castles of Mad King Ludwig Board Game , New, Free Shipping","Castelli del Re Matto Ludwig (gioco da tavolo, nuovo, spedizione gratuita)"
Exterior rendering of Anx on Dupont Condos during the day.,Rendering esterno degli Anx on Dupont Condos durante il giorno
Mingfa Tech Indoor led cooling module design for landscape,Design del modulo di raffreddamento LED per interni Mingfa Tech per paesaggio
blackpool winter gardens theatre venue theater stock photo,Winter Gardens Blackpool (immagine stock del teatro)
10 Tips To Stay Protected While Using Free WiFi Connection,10 consigli per restare protetti mentre usi una connessione Wi-Fi gratuita
"Gary Hart Photography: Bright Angel Lightning, Grand Canyon","Fotografia di Gary Hart: Fulmine all'Angelo Brillante, Grand Canyon"
"audio, earphone, headphone, headset, multimedia, music icon","Icona audio, auricolari, cuffie, headset, multimedia, musica"
"Hawaii shark attack kills swimmer off Kaanapali Beach, Maui","Attacco di squalo alle Hawaii uccide un nuotatore al largo di Kaanapali Beach, Maui"
retro background for web banners posters cards vector image,"Sfondo retrò per banner web, poster, cartoline (immagine vettoriale)"
Jennifer Aniston At Arrivals For Love Wood Print by Everett,Jennifer Aniston all'arrivo per l'amore (stampa su legno di Everett)
Wheat farming losing charm as farmers switch to other crops,La coltivazione del grano sta perdendo fascino poiché gli agricoltori passano ad altre colture
"Flamenco design over white background, vector illustration.",Design flamenco su sfondo bianco (immagine vettoriale)
None - Win An International Sportsmen's Expo Prize Package!,Nessuno - Vinci un pacchetto premio International Sportsmen's Expo!
How I Taught Myself to Print Gold and Launch A Jewelry Line,Come ho imparato da sola a stampare in oro e lanciare una linea di gioielli
Peruvian hairless and chihuahua mix dog with hairless mouse,Mix di cane peruviano senza pelo e chihuahua con un topo senza peli
Doctors and medical centres specialising in Ankle arthritis,Medici e centri medici specializzati in artrite della caviglia
U.S. police at mass shooting site at Walmart store in Texas,Polizia degli Stati Uniti sulla scena della sparatoria di massa al Walmart in Texas
Hand Embroidered Women's Slim Cut Fisherman Pants in Orange,Pantaloni da pescatore taglio slim ricamati a mano per donne in arancione
white and brown stratocaster electric guitar in ca Cleveland,Chitarra elettrica Stratocaster bianca e marrone in California (Cleveland)
Space Adventures offering suborbital space travel experience,Space Adventures offre esperienze di viaggi spaziali suborbitali
Scenic View Of Autumn Bojnice Castle With Moat In Foreground,Vista panoramica del castello di Bojnice in autunno con fossato in primo piano
Lonely Planet Central America on a shoestring (Travel Guide),Lonely Planet America Centrale a basso costo (guida di viaggio)
"Ola, Uber drivers shift gears; launch their own taxi service",Autisti di Ola e Uber cambiano rotta; lanciano il loro proprio servizio taxi
Samsung Galaxy S10+ Olympic Games Edition announced in Japan,Samsung Galaxy S10+ Olympic Games Edition annunciato in Giappone
How To Choose The Best UPS Battery Backup For Your Business?,Come scegliere il miglior UPS con batteria di backup per la tua azienda?
Free Vintage Christmas Party Printables Yesterday On Tuesday,Stampabili natalizi vintage gratuiti da Yesterday On Tuesday
Saint John of the Cross | eBooks | Religion and Spirituality,San Giovanni della Croce | eBooks | Religione e Spiritualità
"India to order taxi aggregators like Uber, Ola to go electric",L'India ordinerà ai taxi aggregatori come Uber e Ola di passare all'elettrico
The Civil Rights Movement - American History - Turning Points,Il Movimento per i Diritti Civili - Storia Americana - Punti di svolta
kitchen cabinets handsome country style kitchen decor country,Bei mobili da cucina stile country (decorazione casa country)
Demi Moore Spotted Fondling New Boy Toy Sean Friday in Mexico!,Demi Moore avvistata mentre coccola il nuovo fidanzato Sean Friday in Messico!
Security Led Light With Motion Dectector Or Sensor On The Wall,Luce di sicurezza a LED con rilevatore di movimento sulla parete
