caption,url,Italian,helsinki_translation,madlad_translation,phi_translation,dataset_similarity,similarity_gold,similarity_helsinki,similarity_madlad,similarity_phi
Half Blood (A Helheim Wolf Pack Tale #1),http://1.bp.blogspot.com/-aPFPaugPbrs/UN-84E2HxDI/AAAAAAAAAfA/E73iX5Z22C4/s320/Half%2BBlood%2BCOVER.jpg,Mezzo sangue (Un racconto del branco di lupi di Helheim #1),Half Blood (A Helheim Wolf Pack Tale #1),Mezzo sangue (Un racconto del branco di lupi di Helheim #1),'Half Blood (A Helheim Wolf Pack Tale #1)',0.3379628360271454,0.4191911816596985,0.4215090870857239,0.4191911816596985,0.4108230471611023
"India to order taxi aggregators like Uber, Ola to go electric",https://english.cdn.zeenews.com/sites/default/files/styles/zm_700x400/public/2019/06/06/793629-uberapp.jpg,L'India ordinerà ai taxi aggregatori come Uber e Ola di passare all'elettrico,"India per ordinare taxi aggregati come Uber, Ola per andare elettrico","L’India ordina aggregatori di taxi come Uber, Ola passa all’elettrico",India a ordinarà i taxi aggregatori come Uber e Ola a passare a elettrico,0.32361623644828796,0.6510260105133057,0.6363188028335571,0.5870531797409058,0.6952621340751648
Workers clean the face of the Big Ben clock in London.,http://cdnassets.hw.net/dims4/GG/3d0323d/2147483647/resize/876x%3E/quality/75/?url=http%3A%2F%2Fcdnassets.hw.net%2F66%2F00%2Fb7eb564f4985afc38b2ca76b3044%2F1850417987-0820-mr-hero-tcm20-2160811.jpg,Lavoratori che puliscono il quadrante del Big Ben a Londra,I lavoratori ripuliscono il volto dell'orologio Big Ben a Londra.,Lavoratori puliscono il quadrante dell'orologio Big Ben a Londra.,Operai puliscono la faccia della grande orologio di Big Ben a Londra.,0.3356322944164276,0.5280001163482666,0.6561558246612549,0.6594663262367249,0.6847065687179565
Royal Caribbean International Cruise Line Supplier Award,https://rlbelles.sealuxury.com/images/home-based/websites/awards/award_rci.png,Premio per il fornitore della linea di crociere Royal Caribbean International,Royal Caribbean International Cruise Line Supplier Award,Royal Caribbean International Cruise Line Supplier Award - 2017 - Premio per il fornitore,'RICS Award 2019',0.33701828122138977,0.6515903472900391,0.607623815536499,0.6084983348846436,0.6488050818443298
Road improvements coming along in west Gulfport,https://www.wlox.com/resizer/rygvP6K_xmEWS1xalXTGpUkIgcg=/1200x600/cloudfront-us-east-1.images.arcpublishing.com/raycom/GJYG466UXRHJBOVO3D65MUUDIY.png,I miglioramenti stradali avanzano a ovest di Gulfport,Miglioramenti stradali in arrivo nel Golfo Ovest,Miglioramenti stradali in arrivo a ovest di Gulfport,I progressi delle miglioramenti stradali in ovest di Gulfport,0.3135862946510315,0.391741544008255,0.3183470666408539,0.37989431619644165,0.354200154542923
A Cowgirl's Christmas (Carrigans of the Circle C Book 5),https://images-eu.ssl-images-amazon.com/images/I/51ms0sbZidL._UY250_.jpg,"Un Natale da cowgirl (serie Carrigans del Circle C, libro 5)",Il Natale di una Cowgirl (Carrigani del Circolo C Libro 5),Il Natale di una cowgirl (Carrigans del cerchio C Libro 5),'A Cowgirl's Christmas (Carrigans of the Circle C Book 5)',0.3582623302936554,0.3855714201927185,0.3931748867034912,0.2904655933380127,0.28998589515686035
Hand with tree and ground to environment care vector,https://cdn.vectorstock.com/i/thumb-large/21/16/hand-with-tree-and-ground-to-environment-care-vector-16072116.jpg,Mano con albero e terreno per cura dell'ambiente (vettore),Mano con albero e terreno al vettore di cura ambientale,Mano con albero e terra per il vettore di cura dell'ambiente,Mano con albero e terra per la cura dell'ambiente,0.31376051902770996,0.7544901967048645,0.7629525661468506,0.7589730620384216,0.7089662551879883
Stripe Sweaters Hip Hop Loose Pullover Sweater,https://cdn.shopify.com/s/files/1/0274/5004/8645/products/product-image-1152140169_150x150.jpg?v=1580899268,Maglione a righe Hip Hop Loose Pullover,Maglioni stripe Hip Hop Loose Pullover Maglione,Maglioni a righe Hip Hop Loose Pullover Maglione,Trama a quadri Sweater Hip Hop Loose Pullover Sweater,0.3078967034816742,0.4141944348812103,0.40765976905822754,0.36917755007743835,0.45753565430641174
Center for Curatorial Studies and Hessel Museum of Art,http://www.e-flux.com/wp-content/uploads/2010/11/wpid-1244497224logo_web.jpg?b8c429,Centro per studi curatoriali e Hessel Museum of Art,Centro di Studi Curatoriali e Museo d'Arte di Hessel,Centro per gli Studi Curatoriali e Museo d'Arte Hessel,Traslato in italiano la didascalia: 'Centro di Studi Curatoriali e Museo Hessel di Arti',0.3074120283126831,0.33406373858451843,0.32546091079711914,0.31735560297966003,0.4955514669418335
Meet the Condo That Comes With a Boat [PHOTOS],https://assets-prod.rew.ca/news-article-image/3055/6415_Boat-2.jpg?trim=&fit=crop&w=376&h=210,Incontra il condominio che viene fornito con una barca [FOTO],Incontra il condominio che viene con una barca [PHOTOS],Incontra il condominio che viene fornito con una barca [FOTO],"In Italian, the caption would be: 'Incontro con un condominio che viene con una barca [FOTO]'",0.3174637258052826,0.5958111882209778,0.5340269804000854,0.5958111882209778,0.3498675525188446
Space Adventures offering suborbital space travel experience,https://inteng-storage.s3.amazonaws.com/images/import/2017/06/Space-Adventures.jpg,Space Adventures offre esperienze di viaggi spaziali suborbitali,Avventure spaziali che offrono un'esperienza di viaggio spaziale suborbitale,Space Adventures offre un'esperienza di viaggio spaziale suborbitale,Spazio per avventure spaziali offrendo esperienza di viaggio nello spazio suborbitale,0.30008870363235474,0.5742387175559998,0.4827156960964203,0.5662501454353333,0.47149109840393066
New Delhi India Skyline Shower Curtain,https://render.fineartamerica.com/images/rendered/search/shower-curtain/images/artworkimages/medium/1/4-new-delhi-india-skyline-michael-tompsett.jpg?&targetx=-220&targety=0&imagewidth=1228&imageheight=819&modelwidth=787&modelheight=819&backgroundcolor=A2621C&orientation=0,"Tenda da doccia skyline di New Delhi, India",Nuova tenda della doccia di Delhi India Skyline,Nuova Delhi India Skyline tenda da doccia,<noinput>,0.43929243087768555,0.4633808732032776,0.430253267288208,0.5060968399047852,0.04761282354593277
Horse Trailers for Sale at Wild West Trailer Sales,https://dealer-cdn.com/skin/website/responsive/wildwest/images/button-horse.jpg?sv=2kh8h3?sv=x112189369,Rimorchi per cavalli in vendita da Wild West Trailer Sales,Trailer a cavallo in vendita alle vendite Wild West Trailer,Rimorchi per cavalli in vendita a Wild West Trailer Sales,'Trailer per cavalli per vendita presso Wild West Trailer Sales',0.3849198818206787,0.5509533882141113,0.5999507904052734,0.5425741672515869,0.5261089205741882
Historical Notes to the Lyra Germanica,https://books.google.com/books/content/images/frontcover/jyUHAAAAQAAJ?fife=w150,Note storiche sulla Lyra Germanica,Note storiche alla Lyra Germanica,Note storiche sulla Lyra Germanica,Traduzione dell'intero testo della didascalia: 'Note Storiche alla Lyra Germanica',0.3254912793636322,0.5577459931373596,0.5745232701301575,0.5577459931373596,0.49142682552337646
Christmas beagle Shirts Ugly Christmas Sweater,https://cdn.shopify.com/s/files/1/1632/2733/products/DynamicImageHandler_5de79258-2a66-4f78-a213-c47087047452_160x.png?v=1480584321,Maglioni natalizi brutti con Beagle di Natale,Camicia da beagle natalizio brutto maglione natalizio,Maglione di Natale Ugly Christmas Sweater,Sweater Christmas beagle Ugly Christmas Sweater,0.3798747956752777,0.5348301529884338,0.590588390827179,0.5411003232002258,0.5582060217857361
"Gary Hart Photography: Bright Angel Lightning, Grand Canyon",https://eloquentnature.files.wordpress.com/2015/06/176a6026brightangellightning_blog.jpg?w=209&h=314,"Fotografia di Gary Hart: Fulmine all'Angelo Brillante, Grand Canyon","Gary Hart Fotografia: Luminoso Angelo Fulmine, Grand Canyon",Gary Hart Photography: Il Grand Canyon e il suo paesaggio,Gary Hart Photography: Luce della Vista della Grand Canyon,0.36599963903427124,0.5499681234359741,0.5597761273384094,0.38027051091194153,0.4372631013393402
Hotel Chocolat Collection of the Season,https://www.chocablog.com/wp-content/uploads/2008/02/cimg4564.jpg,Collezione di Cioccolato di stagione dell’Hotel,Hotel Chocolat Collezione della Stagione,Hotel Cioccolato Collezione della Stagione,La collezione di Chocolat per l'autunno 2008.,0.281840443611145,0.1639936864376068,0.3849741816520691,0.3670467138290405,0.44909876585006714
Sales Training Manchester: Fundamentals Of Sales tickets,https://img.evbuc.com/https%3A%2F%2Fcdn.evbuc.com%2Fimages%2F66626673%2F271208586261%2F1%2Foriginal.20190726-103905?h=230&w=460&auto=compress&rect=0%2C70%2C1920%2C960&s=de4e1c7d9d7d8d8c8326e9a49b4d6f37,Formazione alle vendite a Manchester: Fondamenti della vendita di biglietti,Formazione alle vendite Manchester: i biglietti per i Fondamenti delle Vendite,Formazione alle vendite Manchester: Fondamenti delle vendite biglietti,Trasferimento di Sale Manchester: I fondamenti dell'acquisto,0.371150404214859,0.47923099994659424,0.42144086956977844,0.5098398327827454,0.20981156826019287
Brittany Wooden Leg Bar Stool Natural,https://cdn.shopify.com/s/files/1/0909/5972/products/STFL75NA_383e2301-4fdc-45c9-a64a-a9c251c41343_grande.jpg?v=1537708227,Sgabello da bar in legno di betulla naturale,Brittany Wooden Leg Bar Sgabello Naturale,Brittany Sgabello da bar in legno Naturale,'Barstool a sedia in legno di Brittany naturale',0.34969162940979004,0.6030479073524475,0.6503019332885742,0.6240670084953308,0.5846322178840637
Magical Unicorn with Rainbow Necklace,http://rlv.zcache.co.uk/magical_unicorn_with_rainbow_necklace-r48b3f437fcd54dd089cc4ab0b299e6ac_fkoez_8byvr_152.jpg,Unicorno magico con collana arcobaleno,Unicorno Magico con Collana Arcobaleno,Collana Magical Unicorn con Arcobaleno,'Unico Cervo Magico con Chiodo di Luce Necklace',0.3236246109008789,0.5887748003005981,0.5887748003005981,0.5735383033752441,0.37428706884384155
"audio, earphone, headphone, headset, multimedia, music icon",https://cdn1.iconfinder.com/data/icons/network-and-comminications-flat-square-rounded-sha/120/earphone__headphone__headset__audio__multimedia__music-128.png,"Icona audio, auricolari, cuffie, headset, multimedia, musica","audio, auricolare, cuffia, cuffia, multimedia, icona musicale","audio, auricolare, cuffia, cuffia, multimedia, icona di musica","'Audio, earphone, headphone, headset, multimedia, music icon'",0.3048246204853058,0.5434420108795166,0.6130349040031433,0.5923053622245789,0.6515358090400696
man and a woman go on sand Royalty Free Stock Image,https://thumbs.dreamstime.com/t/man-woman-go-sand-footprints-75124006.jpg,Uomo e donna che camminano sulla sabbia (immagine stock royalty-free),uomo e una donna andare sulla sabbia Royalty Immagine di scorta gratis,#30100199 - Un uomo e una donna vanno sulla sabbia..,Un uomo e una donna camminano sulla sabbia.,0.30365946888923645,0.6464125514030457,0.6228983998298645,0.6723441481590271,0.5159411430358887
Green letter vector image vector image,https://cdn.vectorstock.com/i/thumbs/52/68/1215268.jpg,Lettera verde immagine vettoriale,Immagine vettoriale con lettera verde,Immagine vettoriale di lettera verde,"""Green letter vector image vector image"" translated into Italian is ""Immagine vettore lettera verde vettore immagine vettore"".",0.3067983388900757,0.4919638931751251,0.46829307079315186,0.48066675662994385,0.5455138683319092
Non-alcoholic drink garnished with lime standing on a bar,https://cdn.shopify.com/s/files/1/0276/3492/5647/files/tr-ng-trung-c-p-kinh-t-du-l-ch-thanh-ph-h-chi-minh-cet-RL3SnlcHAK8-unsplash_large.jpg?v=1579605819,Bevanda analcolica guarnita con lime sul bancone di un bar,Bevanda analcolica guarnita con calce in piedi su un bar,Bevanda analcolica guarnita con calce in piedi su un bar,Bevagna non-alcolica con lime che sta su un bar,0.3048171103000641,0.6035361886024475,0.6162411570549011,0.6162411570549011,0.6972106695175171
Young cannabis plant growing in pot by Lindsay Fox,https://i1.wp.com/michigancannabistrail.com/wp-content/uploads/2021/04/Young-cannabis-plant-growing-in-pot-by-Lindsay-Fox.jpg?resize=845%2C321&ssl=1,Pianta di cannabis giovane che cresce in vaso (di Lindsay Fox),Giovane pianta di cannabis che cresce in vaso da Lindsay Fox,Giovane pianta di cannabis che cresce in vaso di Lindsay Fox,Immagine di una giovane pianta di cannabis coltivata in vaso da Lindsay Fox.,0.29100891947746277,0.4696025550365448,0.4620930850505829,0.4744563698768616,0.4824940264225006
Hereditary Breast Cancer Heart Wings Large Mug,http://i1.cpcache.com/product/710914499.jpg?side=Back&height=150&width=150,Cancro al seno ereditario con cuore e ali (tazza grande),Cancro al seno ereditario ali di cuore grande tazza,Hereditary Breast Cancer Heart Wings Grembiule da cucina,Mug ereditario al seno cuore aerei Grandi,0.3845199942588806,0.622040867805481,0.6997039318084717,0.4661213159561157,0.4057837724685669
Gareth Bale in action for Real Madrid against Inter Milan,https://news.bbcimg.co.uk/media/images/76881000/jpg/_76881223_bale.jpg,Gareth Bale in azione per il Real Madrid contro l’Inter a Milano,Gareth Bale in azione per il Real Madrid contro l'Inter Milan,Gareth Bale in azione con il Real Madrid contro l'Inter,Gareth Bale in azione per il Real Madrid contro l'Inter Milan,0.2933884859085083,0.49758756160736084,0.4910129904747009,0.5280671715736389,0.4910129904747009
Cool Welding Pictures How To Get Started With Welding,http://t0.gstatic.com/images?q=tbn:ANd9GcSPTz8sF5KGBWs4OBJOQD-nZuYFIPAhnqb60_1BW5TrSaxBwoa4,Foto di saldatura fighe: come iniziare con la saldatura,Immagini di saldatura fredde come iniziare con la saldatura,Cool Saldatura Immagini Come iniziare con la saldatura,"'Fotografie di saldatura Cool Welding, Come iniziare con la saldatura'",0.31430137157440186,0.5321442484855652,0.5169085264205933,0.5683001279830933,0.5661301016807556
The Civil Rights Movement - American History - Turning Points,https://ecdn.teacherspayteachers.com/thumbitem/American-History-Turning-Points-The-Civil-Rights-Movement-1093292-1465309718/original-1093292-3.jpg,Il Movimento per i Diritti Civili - Storia Americana - Punti di svolta,Il Movimento per i Diritti Civili - Storia Americana - Punti di svolta,Il Movimento per i Diritti Civili - Storia Americana - Punti di svolta,Il movimento per i diritti civili negli Stati Uniti - Storie chiave dell' storia americana - Punti di svolta,0.3246854245662689,0.6012617349624634,0.6012617349624634,0.6012617349624634,0.5788928866386414
kitchen cabinets handsome country style kitchen decor country,http://t0.gstatic.com/images?q=tbn:ANd9GcQ6hvxZ98HUXDaaMAYWMJ5E099cW43Fcra2SsTKTaUswfS926ft,Bei mobili da cucina stile country (decorazione casa country),cucina armadi affascinante stile country cucina arredamento country,Armadi da cucina in stile country con mobili da cucina,"'cabinetti di cucina in stile contadino, arredamento di stile country per la cucina'",0.30625802278518677,0.47648122906684875,0.5155810117721558,0.540856122970581,0.4379853904247284
India begins next phase of COVID vaccination from Monday:,https://resize2.indiatvnews.com/en/centered/newbucket/250_151/2021/02/capture-1614523018.jpg,L'India inizia la fase successiva della vaccinazione COVID da lunedì:,L'India inizia la prossima fase della vaccinazione con COVID da lunedì:,L’India inizia la prossima fase della vaccinazione COVID da lunedì:,India inizia la fase successiva della vaccinazione contro il COVID a domenica:,0.30424636602401733,0.5626039505004883,0.5745077133178711,0.552075207233429,0.5959869623184204
Girly Light Purple Polka Dots on Purple Cute Gifts Mugs,http://rlv.zcache.com.au/girly_light_purple_polka_dots_on_purple_cute_gifts_mug-re71a508ac315485fbcde78dde8af7d49_x7jsm_8byvr_512.jpg,Tazza femminile con pois lilla chiari su lilla chiaro (regali carini),Girly luce viola Polka punti su viola carino regali tazze,Girly luce viola Polka Dots su tazze di regali carini viola,Girli luminoso viola con macchioline in cerchio su mug di tazza da caffè adorabili come regalo per ragazze,0.4113938510417938,0.5652855038642883,0.46664491295814514,0.41196179389953613,0.5989834666252136
top 10 strongest dogs top 10 breeds with strongest bites,http://tse3.mm.bing.net/th?id=OIP.On-ETeSq6spQej74Z0XF1gHaE8,"I 10 cani più forti, le 10 razze con il morso più potente",top 10 cani più forti top 10 razze con morsi più forti,Top 10 delle razze con i denti più forti,Il paesaggio con i due cani Rottweiler.,0.28084489703178406,0.5965279936790466,0.5361305475234985,0.5334691405296326,0.3783017694950104
global nonfiction books for classroom library,https://www.globetrottinkids.com/wp-content/uploads/2021/06/global-nonfiction-books-for-kids-1024x536.png,Libri di saggistica globale per la biblioteca scolastica,libri di saggistica globali per la biblioteca in aula,Libri di saggistica globale per la biblioteca di classe,Traduzione: 'libri non fiction globali per libreria scolastica',0.34119313955307007,0.6599153280258179,0.535973072052002,0.6607845425605774,0.6438717842102051
Alpine Falls in Loyalsock State Forest,https://uncoveringpa.com/wp-content/uploads/2019/08/Alpine-Falls-Loyalsock-State-Forest-4008-600x400.jpg,Cascate Alpine nella Foresta Statale di Loyalsock,Cascate alpine nella foresta statale di Loyalsock,Cascate alpine nella foresta statale di Loyalsock,Cascate dell'Alpe in Foresta dello Stato di Loyalsock,0.3198143243789673,0.4944634437561035,0.4944634437561035,0.4944634437561035,0.5253852605819702
"The Countess Spencer with her son, Lord Althorp",https://www.mediastorehouse.com/t/164/countess-spencer-son-lord-althorp-7233339.jpg,"La contessa Spencer con suo figlio, Lord Althorp","La contessa Spencer con suo figlio, Lord Althorp","La contessa Spencer con suo figlio, Lord Althorp","La contessa Spencer con il suo figlio, Lord Althorp",0.31619399785995483,0.6275503635406494,0.6275503635406494,0.6275503635406494,0.6308494210243225
"Hawaii shark attack kills swimmer off Kaanapali Beach, Maui",https://cdn.images.dailystar.co.uk/dynamic/204/photos/173000/620x/hawaii-shark-attack-781429.jpg,"Attacco di squalo alle Hawaii uccide un nuotatore al largo di Kaanapali Beach, Maui","Attacco di squalo hawaii uccide nuotatore al largo di Kaanapali Beach, Maui","Nuoto: squalo uccide un nuotatore al largo di Kaanapali Beach, Maui","Il cencio di Hawaii ha ucciso un nuotatore vicino alla spiaggia di Kaanapali, a Maui.",0.3001037538051605,0.5480155348777771,0.5523344278335571,0.5483336448669434,0.36395516991615295
Nuclear Power Plant Stock Illustration,https://images.pond5.com/nuclear-power-plant-illustration-063067072_iconm.jpeg,Illustrazione stock di centrale nucleare,Illustrazione delle scorte di centrali nucleari,Centrale nucleare Illustrazione Stock,'Illustrazione Stock di una Centrale Nucleare',0.3053455054759979,0.33135250210762024,0.3134884536266327,0.3795635998249054,0.3744737505912781
Scenic View Of Autumn Bojnice Castle With Moat In Foreground,https://static2.bigstockphoto.com/thumbs/2/3/6/large2/63290434.jpg,Vista panoramica del castello di Bojnice in autunno con fossato in primo piano,Vista panoramica di autunno Bojnice Castello con fossato in primo piano,Vista panoramica del castello di Bojnice con fossato in primo piano,Vista Panoramica Di Castello Di Bojnice Con Fossa Nel Frattempo,0.3119858205318451,0.4246411919593811,0.49969613552093506,0.3459467887878418,0.264700710773468
Demi Moore Spotted Fondling New Boy Toy Sean Friday in Mexico!,http://www.celebdirtylaundry.com/wp-content/uploads/demi_moore_sean_friday_dating.jpg?08fcf0,Demi Moore avvistata mentre coccola il nuovo fidanzato Sean Friday in Messico!,Demi Moore ha avvistato Fondello Nuovo Giocattolo Sean Venerdì in Messico!,Demi Moore ha scoperto il nuovo giocattolo Sean Friday in Messico!,Demi Moore vede il nuovo amico della bambina Sean Friday in Messico!,0.33799177408218384,0.32684484124183655,0.351065069437027,0.31135717034339905,0.30143237113952637
Security Led Light With Motion Dectector Or Sensor On The Wall,https://static3.bigstockphoto.com/thumbs/7/9/8/large2/89735672.jpg,Luce di sicurezza a LED con rilevatore di movimento sulla parete,Luce LED di sicurezza con Detector di movimento o sensore sulla parete,Sicurezza ha condotto la luce con il detector o il sensore di moto sulla parete,Illuminazione di sicurezza con sensore di movimento su una parete,0.33309540152549744,0.6624279022216797,0.6809020042419434,0.5769809484481812,0.683388888835907
Captain America: The First Avenger (Plus Bonus Content),https://m.media-amazon.com/images/I/91R3VjwfdfL._AC_UL320_ML3_.jpg,Captain America: Il Primo Avenger (con contenuti bonus),Captain America: Il primo Vendicatore (più contenuti bonus),Captain America: Il primo Vendicatore (Plus Bonus Content),'Captain America: The First Avenger (Plus Bonus Content)',0.3454340100288391,0.5225735902786255,0.5122475028038025,0.5413755178451538,0.584690272808075
love grows vow renewal invitation watercolor invites at,http://top.scene7.com/is/image/TOP/2657_DW31930FCmn?hei=400&wid=400,L'amore cresce (invito al rinnovo delle promesse nuziali ad acquerello),amore cresce voto rinnovo invito acquarello invita a,L'amore cresce il rinnovo del voto di invito ad acquerello invita a,Il nostro amore è cresciuto e è per sempre.,0.34041741490364075,0.4936245083808899,0.5530359745025635,0.5206769704818726,0.31795981526374817
South West Wales Dormlodge pool table,https://www.adventureactivityweekends.co.uk/images/accommodation/sww_d4.jpg,Tavolo da biliardo Dormlodge nel Galles sud-occidentale,South West Wales Dormlodge tavolo da biliardo,South West Wales Dormlodge tavolo da biliardo,Traslato in italiano la frase di testo completa: 'Palla da billiroom South West Wales Dormlodge',0.3418530523777008,0.6615920066833496,0.685788094997406,0.685788094997406,0.10184594988822937
What Steven Moffat Regrets Most About Doctor Who Season 9,https://img.cinemablend.com/filter:centercrop/quill/2/9/1/4/0/4/2914043093cc3d188af3f573f93f3bc8403cff3e.jpg?w=170&h=170,Cosa rimpiange di più Steven Moffat di Doctor Who stagione 9,Quello che Steven Moffat si rammarica di più di Doctor Who Stagione 9,Cosa Steven Moffat si rammarica di più della stagione 9 di Doctor Who,What Steven Moffat regrets most about Doctor Who Season 9,0.31077298521995544,0.18296849727630615,0.17824137210845947,0.2097742259502411,0.23357418179512024
Make up brush with purple dust on a black background,https://us.123rf.com/450wm/christopherhall/christopherhall1705/christopherhall170500238/78358530-make-up-pinsel-mit-lila-staub-auf-einem-schwarzen-hintergrund.jpg?ver=6,Pennello per trucco con polvere viola su sfondo nero,Fare pennello con polvere viola su uno sfondo nero,#30000000 - Make up pennello con polvere viola su uno sfondo nero,Pennello da trucco con polvere viola su sfondo nero,0.3858028054237366,0.5249379873275757,0.534278392791748,0.519195556640625,0.5357412099838257
3D digital art fantasy Island with lighthoue wallpaper,https://backiee.com/static/wpdb/wallpapers/1000x563/222920.jpg,Arte digitale 3D fantasy: Isola con faro (sfondo),3D digital art fantasy Island con lighthoue wallpaper,3D arte digitale fantasy isola con lighthoue carta da parati,3D digital art fantasy island con faro.,0.37066930532455444,0.6965256929397583,0.7064168453216553,0.6439710855484009,0.7049054503440857
China justifies scrapping of two-term presidential limit,https://hongkongfp.com/wp-content/uploads/2017/03/Clip0106.MXF_.00_34_42_08.Still001-Copy.jpg,La Cina giustifica l'abolizione del limite di due mandati presidenziali,La Cina giustifica la demolizione del limite presidenziale a due periodi,La Cina giustifica l'abolizione del limite di due mandati presidenziali,La Cina giustifica la cancellazione del limite a due mandati presidenziali,0.31094104051589966,0.5450836420059204,0.443853497505188,0.5450836420059204,0.5331999659538269
how to put ribbon on a christmas tree youtube,https://tse3.mm.bing.net/th?id=OIP.kIQtq2OBJzmD-MXmUg6WPwHaEK,Come mettere un nastro sull'albero di Natale (YouTube),come mettere il nastro su un albero di Natale youtube,Come fare un albero di Natale con le mani,come mettere il nastro di natale su un albero di natale youtube,0.2958211898803711,0.11831976473331451,0.1489505022764206,0.1162426546216011,0.15221332013607025
retro background for web banners posters cards vector image,https://cdn3.vectorstock.com/i/thumb-large/26/27/retro-background-for-web-banners-posters-cards-vector-21612627.jpg,"Sfondo retrò per banner web, poster, cartoline (immagine vettoriale)",sfondo retrò per banner web poster carte immagine vettoriale,Sfondo retrò per banner web poster carte immagine vettoriale,"""Retro background for web banners, posters, cards, vector image""",0.2924828827381134,0.18909063935279846,0.13453853130340576,0.13453853130340576,0.2882913649082184
aramid fibers have more colors avaliable now,https://cdn.shopify.com/s/files/1/1036/4113/files/aramid_fiber_colors_1024x1024.jpg?v=1480588342,Ora sono disponibili più colori per le fibre aramidiche,aramid fibre hanno più colori disponibili ora,Le fibre di aramide hanno più colori avaliable ora,Gli elastomeri aramidi hanno ora più colori disponibili.,0.30655425786972046,0.5572127103805542,0.5962377786636353,0.4611022174358368,0.5228697657585144
Plaid Winter Cashmere Scarf with Tassels,https://cdn.shopify.com/s/files/1/0104/6763/9359/products/product-image-1101852341_150x150.jpg?v=1574213740,Sciarpa invernale a quadri in cashmere con frange,Sciarpa in cachemire invernale plaid con nappe,Sciarpa in cashmere con nappe,'Scottish Plaid Cashmere Scarf with Fringe Tassels',0.3383607268333435,0.6076114177703857,0.675247311592102,0.6381015777587891,0.5403336882591248
Mercedes Benz autonomous concept car Stock Image,https://thumbs.dreamstime.com/t/mercedes-benz-autonomous-concept-car-geneva-switzerland-march-th-international-geneva-motor-show-palexpo-geneva-68634461.jpg,Immagine stock dell’auto-concept della macchina Mercedes Benz,Mercedes Benz autonomo concept car Stock Immagine,"Mercedes Benz, auto autonoma, concept, auto",Mercedes-Benz concept car autonomo Stock Image,0.3008936047554016,0.6146394610404968,0.6109757423400879,0.6112228631973267,0.605513334274292
Barbour Blue Cotton Trench Coat for Women,https://img.shopstyle-cdn.com/sim/ba/98/ba9890b07504847f453e320ce74df8fd_xlarge/barbour-blue-cotton-trench-coat-for-women.jpg,Trench di cotone blu Barbour per donne,Barbour Blue Cotone Trench Coat per le donne,Barbour Blue Cotone Trench Coat per le donne,'Cotone Trench Coat Barbour Blu per donne',0.32631900906562805,0.6196585297584534,0.6153067946434021,0.6153067946434021,0.6567838788032532
Is Anything Beyond Forgiveness? [Video Download],https://g.christianbook.com/dg/product/cbd/w163/dv2387-cp.jpg,C'è qualcosa al di là del perdono? [Video da scaricare],C'è qualcosa oltre il perdono? [Video Download],C’è qualcosa oltre il perdono? [Video Download],'Cosa c'è oltre la forgiveness? [Download video]',0.3250565528869629,0.38748666644096375,0.37854447960853577,0.37342268228530884,0.23739568889141083
Harley Quinn #62 comic books for sale,https://www.covernk.com/Covers/S/H/Harley%20Quinn%202016%20series/harleyquinn2016series62.jpg,Fumetti Harley Quinn #62 in vendita,Harley Quinn #62 fumetti in vendita,Harley Quinn #62 fumetti in vendita,'Harley Quinn #62 comic books for sale',0.33184099197387695,0.5240265727043152,0.5508939623832703,0.5508939623832703,0.5218468904495239
how to install a two handle kitchen faucet,https://kitchenfaucet101.com/wp-content/uploads/2021/10/1-2.jpg,Come installare un rubinetto da cucina a due maniglie,come installare un rubinetto da cucina a due maniglie,Come installare un rubinetto della cucina a due maniglie,come installare una faucetta da cucina a due mani,0.32812878489494324,0.6516580581665039,0.6516580581665039,0.6300029158592224,0.5003292560577393
Beautiful happy lady drinking glass of red wine.,https://img.huffingtonpost.com/asset/5b9acbd626000033007eea5e.jpeg?ops=scalefit_720_noupscale,Bella signora felice che beve un bicchiere di vino rosso,Bella signora felice che beve un bicchiere di vino rosso.,Bella signora felice che beve il vetro di vino rosso.,'Beautiful happy lady drinking glass of red wine.',0.314474880695343,0.532102644443512,0.5212355852127075,0.5755540132522583,0.49646028876304626
paralyzed athlete walks down the aisle,https://cdn.prod-carehubs.net/n1/802899ec472ea3d8/uploads/2017/01/paralyzed-athlete-walks-down-the-aisle-1x1.jpg,Atleta paralizzato cammina lungo il corridoio,atleta paralizzato cammina lungo la navata,Atleta paralizzato cammina lungo la navata,"Traduci in italiano la didascalia, dato l'immagine: 'paralizzato atleta cammina lungo l'aiale'.",0.3346039652824402,0.1454518437385559,0.4352734088897705,0.4352734088897705,-0.04404216259717941
dark gray stained cabinets best home furniture decoration,http://t0.gstatic.com/images?q=tbn:ANd9GcR9zv7wz3N-X-Y8sZQ2spqTm_PCJgxopwYuntvOHd8atBSzoF1P,"Mobili grigio scuro per cucina, migliore decorazione per la casa",scuro grigio macchiato armadi migliori mobili per la casa decorazione,Armadi grigio scuro macchiato migliore decorazione di mobili per la casa,'cabinets invecchiati di un colore di scuro grigio',0.3147052526473999,0.47819679975509644,0.4970269799232483,0.4833766520023346,0.5491490364074707
Red Sunset Sky In Cincinnati Ohio Portable Battery Charger,https://render.fineartamerica.com/images/rendered/small/flat/battery/images/artworkimages/medium/1/cincinnati-ohio-sunset-photo-art-art-america-online-gallery.jpg?transparent=0&targetx=0&targety=-83&imagewidth=864&imageheight=576&modelwidth=864&modelheight=410&backgroundcolor=0D0B01&orientation=0&producttype=battery-5200,"Tramonto rosso nel cielo a Cincinnati, Ohio (caricabatterie portatile)",Cielo tramonto rosso in Cincinnati Ohio caricabatteria portatile,Cielo rosso del tramonto a Cincinnati Ohio caricabatteria portatile,"'Sole di rosso alla notte a Cincinnati, Ohio, caricatore portatile della batteria'",0.32762792706489563,0.470295786857605,0.4511968493461609,0.4658578336238861,0.5542103052139282
Jennifer Aniston At Arrivals For Love Wood Print by Everett,https://render.fineartamerica.com/images/rendered/search/wood-print/images-medium/jennifer-aniston-at-arrivals-for-love-everett.jpg,Jennifer Aniston all'arrivo per l'amore (stampa su legno di Everett),Jennifer Aniston Arrivi per l'amore del legno Stampato da Everett,Jennifer Aniston agli arrivi per amore stampa su legno di Everett,Jennifer Aniston Al Arrivo Per Il Libro Dei Ragazzi In Pelle Di Acqua D'Arte D'Everett,0.31426191329956055,0.2349427044391632,0.42050936818122864,0.4206535220146179,0.46170520782470703
DON'T KEEP CALM IT'S MY 22ND BIRTHDAY !,https://cdn.quotesgram.com/small/70/97/1745795178-9b5ad643dd549ebe751469fa6d50fc2b.jpg,NON MANTENERE LA CALMA È IL MIO 22° COMPLEANNO!,"Non ti fermare, e' il mio 22esimo compleanno!","Non tenere la calma, è il mio 22° compleanno!","Non tenere calma, è il mio 22º compleanno!",0.3611781895160675,0.6363733410835266,0.6287918090820312,0.6299026012420654,0.6257948279380798
Fitness woman training by kettlebell.,https://us.123rf.com/450wm/grkistock/grkistock1612/grkistock161200137/67276531-entrenamiento-de-la-mujer-de-la-aptitud-de-pesas-rusas-.jpg?ver=6,Donna fitness che si allena con kettlebell,Addestramento femminile fitness da kettlebell.,Allenamento della donna di forma fisica da kettlebell.,"""Fitness woman training with kettlebell.""",0.29323333501815796,0.5747773051261902,0.6287994384765625,0.6293123960494995,0.624950110912323
Ladies new fashion dresses pakistani,https://dresseskhazana.com/wp-content/uploads/2017/03/New-Dress-Look.jpg,Nuovi abiti alla moda da donna pakistani,Ladies nuovi abiti di moda pakistani,Nuovi abiti di moda delle signore pakistani,La nuova moda delle gonne per donne pakistani.,0.3058566451072693,0.5416631698608398,0.5041410326957703,0.5353034734725952,0.5191558599472046
How to dress like the 80s men clipart.,https://clipground.com/images/80ies-clipart-15.jpg,Come vestirsi come negli anni '80 (clipart per uomini),Come vestirsi come gli uomini anni '80 clipart.,Come vestirsi come gli uomini degli anni '80 clipart.,'Come indossare come i ragazzi dell'800 per l'immagine dei clipart.',0.2806858420372009,0.35505902767181396,0.34199807047843933,0.3584683835506439,0.38333672285079956
Armed forces. Special forces in urban assault stock photo,https://thumbs.dreamstime.com/t/armed-forces-special-urban-assault-50780640.jpg,Forze armate. Forze speciali in assalto urbano (foto stock),"Forze armate, forze speciali nella foto delle scorte di assalto urbano",Forze armate. Forze speciali in assalto urbano stock foto,Forze armate. Speciali in attacco urbano. Stock photo.,0.34172117710113525,0.5856783986091614,0.5576275587081909,0.6308828592300415,0.6272125244140625
Fresh Living now available in Mauritius,https://biz-file.com/c/1110/84273-120x120.jpg,Fresh Living ora disponibile alle Mauritius,Fresh Living ora disponibile in Mauritius,Fresh Living ora disponibile a Mauritius,Fresh Living ora disponibile in Malesia.,0.3196376860141754,0.24460077285766602,0.22935058176517487,0.23850587010383606,0.24866481125354767
Grounded The Making of The Last of Us,https://gamepro.co.il/wp-content/uploads/2014/02/Grounded-The-Making-of-The-Last-of-Us.jpg,Grounded: La creazione di The Last of Us,Iniziata la creazione dell'ultimo di noi,The Last of Us: il trailer ufficiale,'Grounded: Making The Last of Us',0.33175840973854065,0.34126460552215576,0.3679681122303009,0.4608670473098755,0.38646960258483887
None - Win An International Sportsmen's Expo Prize Package!,https://cdn2.aptivada.com/files/app_graphics/990854871_contest_582908_mobile_1552062702.jpg,Nessuno - Vinci un pacchetto premio International Sportsmen's Expo!,Nessuno - Vincere un pacchetto internazionale premio Expo Sportsmen!,Nessuno - Vinci un pacchetto premio per l'Expo Internazionale degli Sportivi!,'Nessuno - Guadagna un pacchetto di premio per l'International Sportsmen's Expo!',0.3363294303417206,0.48408687114715576,0.5215771198272705,0.4684194326400757,0.40602314472198486
Dictionary of the Teenage Revolution and Its Aftermath,http://books.google.com/books/content?id=4JiuCwAAQBAJ&printsec=frontcover&img=1&zoom=1&edge=curl&source=gbs_api,Dizionario della Rivoluzione Teenager e le sue conseguenze,Dizionario della rivoluzione adolescenziale e del suo aftermath,Dizionario della rivoluzione adolescenziale e delle sue conseguenze,"Il libro ""The Dictionary of the Teenage Revolution and Its Aftermath"" è stato scritto da Kenneth Hudson.",0.33267462253570557,0.5334975719451904,0.4527784287929535,0.46033039689064026,0.3425253629684448
beach wedding: Romantic Dinner for Two at the Beach,https://us.123rf.com/450wm/imageegami/imageegami1112/imageegami111200070/11677198-romantic-dinner-for-two-at-the-beach.jpg?ver=6,Matrimonio in spiaggia: Cena romantica per due sulla spiaggia,matrimonio sulla spiaggia: Cena romantica per due in spiaggia,Matrimonio sulla spiaggia: Cena romantica per due in spiaggia,"""Cena romantica per due a spiaggia: Cena romantica per due a spiaggia""",0.3468981385231018,0.6142339706420898,0.6184191703796387,0.6184191703796387,0.6637624502182007
Rhuddlan Castle royalty free stock images,https://thumbs.dreamstime.com/t/rhuddlan-castle-9572619.jpg,Immagini stock royalty free del castello di Rhuddlan,Rhuddlan Castle royalty immagini stock gratuite,Immagini stock libere da diritti Rhuddlan Castle,"Il castello di Rhuddlan è una fortezza situata vicino a Flint, in Galles. Questa immagine è disponibile per uso gratuito.",0.32557961344718933,0.53293776512146,0.5642019510269165,0.5912815928459167,0.593780517578125
Stretch from comfort zone to learning zone.,https://thumbs.dreamstime.com/z/learning-zone-28967765.jpg,Passa dalla zona di comfort alla zona di apprendimento,Stretch da zona di comfort a zona di apprendimento.,Allungati dalla zona di comfort alla zona di apprendimento.,Stretch from comfort zone to learning zone.,0.324201762676239,0.5237897634506226,0.40818363428115845,0.4145224094390869,0.4285392761230469
"Flamenco design over white background, vector illustration.",https://us.123rf.com/450wm/yupiramos/yupiramos1502/yupiramos150209276/36897357-stock-vector-flamenco-design-over-white-background-vector-illustration-.jpg?ver=6,Design flamenco su sfondo bianco (immagine vettoriale),"Flamenco design su sfondo bianco, illustrazione vettoriale.","#40000000 - Flamenco design su sfondo bianco, illustrazione vettoriale.","Il design del flamenco su sfondo bianco, illustrazione vettoriale.",0.3924581706523895,0.44338494539260864,0.3981938064098358,0.40877681970596313,0.3865930140018463
Blue rope choker statement necklace,https://cdn.shopify.com/s/files/1/0877/6430/products/6860966901946107547_195x.jpg?v=1576971370,Collana girocollo a corda blu,Collana annodatore di corda blu,Collana blu con girocollo a corda,'Cinturone in pelle blu a taglio a forma di cerchio con chiodo d'oro',0.3219056725502014,0.6882785558700562,0.7044671773910522,0.6847455501556396,0.5503751635551453
How I Taught Myself to Print Gold and Launch A Jewelry Line,"https://res.cloudinary.com/jerrick/image/upload/c_fill,fl_progressive,h_280,q_auto,w_500/5e4b59efad0bcb001cd928dc.png",Come ho imparato da sola a stampare in oro e lanciare una linea di gioielli,Come mi sono insegnato a stampare oro e lanciare una linea di gioielli,Come ho imparato da solo a stampare oro e lanciare una linea di gioielli,'Come ho imparato a stampare oro e lanciato una linea di gioielli',0.34747812151908875,0.4506877362728119,0.49744200706481934,0.4555685818195343,0.5187073945999146
Lonely Planet Central America on a shoestring (Travel Guide),http://ecx.images-amazon.com/images/I/51-gZ92VX4L.jpg,Lonely Planet America Centrale a basso costo (guida di viaggio),Lonely Planet Central America su una scarpa (Guida di viaggio),Lonely Planet America Centrale a un tiro di schioppo (Guida di viaggio),Lonely Planet Central America on a shoestring (Travel Guide),0.3149700164794922,0.38270026445388794,0.22797401249408722,0.26581427454948425,0.2570517063140869
Pick your checkers color Easily Customize This Postcard,https://rlv.zcache.com/pick_your_checkers_color_easily_customize_this_postcard-r0f42e3f3b17f4d60ad8fb873602f4a66_vgbaq_8byvr_324.jpg,Scegli il colore delle tue pedine (personalizza facilmente questa cartolina),Scegli il tuo colore dama Facilmente personalizza questa cartolina,Scegli il colore delle tue pedine Personalizza facilmente questa cartolina,Scegli il colore dei tuoi dadi di dama facilmente Personalizza questa cartolina,0.28167569637298584,0.2573803663253784,0.30600690841674805,0.255541056394577,0.27617308497428894
The group of fish in motion by Stefano Colombo,http://www.underwaterphotography.com/Upload%5CUP%5CCompetition%5C128848.jpg,Il gruppo di pesci in movimento di Stefano Colombo,Il gruppo di pesci in movimento di Stefano Colombo,Il gruppo di pesci in movimento di Stefano Colombo,Il gruppo di pesci in movimento da Stefano Colombo,0.3405649960041046,0.484321653842926,0.484321653842926,0.484321653842926,0.5344258546829224
Biological Processing of Solid Waste Cover Image,https://images.booksense.com/images/books/758/093/FC9781032093758.JPG,Processo biologico di trattamento dei rifiuti solidi (immagine di copertina),Trattamento biologico dell'immagine di copertura dei rifiuti solidi,Trattamento Biologico dei Rifiuti Solidi Cover Image,Biologico Processamento di Rifiuti Solidi,0.38309749960899353,0.6342873573303223,0.5569100975990295,0.6252448558807373,0.5384297370910645
"Castles of Mad King Ludwig Board Game , New, Free Shipping",http://thumbs.ebaystatic.com/images/g/ue0AAOSwNSxVJUuI/s-l225.jpg,"Castelli del Re Matto Ludwig (gioco da tavolo, nuovo, spedizione gratuita)","Castelli di Mad King Ludwig gioco da tavolo , Nuovo, Spedizione gratuita","Castles of Mad King Ludwig Board Game, Nuovo, Spedizione gratuita","Castelli del Re Folle di Ludwig, Gioco da Gioco, Nuove, Spedizione Gratuita",0.3570391535758972,0.2989952862262726,0.3800273537635803,0.3754270672798157,0.3765655755996704
Peruvian hairless and chihuahua mix dog with hairless mouse,https://us.123rf.com/450wm/farinosa/farinosa2007/farinosa200700337/152343728-peruvian-hairless-and-chihuahua-mix-dog-with-hairless-mouse.jpg?ver=6,Mix di cane peruviano senza pelo e chihuahua con un topo senza peli,Peruviano senza peli e chihuahua mix cane con topo senza peli,Cane senza capelli e chihuahua peruviano con mouse senza capelli,Perro peludo e chihuahua a misura di Perù con topo peloso,0.29656901955604553,0.43804794549942017,0.4122013747692108,0.38856059312820435,0.4567853510379791
The Oxford Spanish/English Dictionary,https://i4.books-express.ro/bt/9780195367492/the-oxford-spanish-english-dictionary.jpg,Dizionario Oxford Spagnolo/Inglese,Il dizionario spagnolo/italiano di Oxford,Dizionario spagnolo/inglese Oxford,Il dizionario Oxford di spagnolo-inglese,0.3629407584667206,0.5287725329399109,0.503547728061676,0.5416073799133301,0.5247930288314819
Whale leaping from ocean at Puerto Madryn,https://www.southamerica.travel/wp-content/uploads/2020/06/Puerto-Madryn-whale-jumping-from-water-1-530x320.jpg,Balena che salta dall'oceano a Puerto Madryn,Balena che salta dall'oceano a Puerto Madryn,Balena che salta dall'oceano a Puerto Madryn,'Whale saltando dall'oceano a Puerto Madryn',0.30887243151664734,0.6324372291564941,0.6324372291564941,0.6324372291564941,0.5739364624023438
grayscale photo of closed-eyes woman,https://images.unsplash.com/photo-1496672254107-b07a26403885?ixlib=rb-1.2.1&ixid=eyJhcHBfaWQiOjEyMDd9&w=1000&q=80,Foto in scala di grigi di donna con occhi chiusi,foto in scala di grigi di donna a occhi chiusi,Foto in scala di grigi di donna con gli occhi chiusi,<translation>,0.3031264841556549,0.5283100008964539,0.5227999091148376,0.5386541485786438,0.2230345904827118
Exterior rendering of Anx on Dupont Condos during the day.,https://condoinvestments.ca/wp-content/uploads/2019/05/rendering-anx-condos-1-exterior.jpg,Rendering esterno degli Anx on Dupont Condos durante il giorno,Rendering esterno di Anx su Dupont Condos durante il giorno.,Rendering esterno di Anx su Dupont Condos durante il giorno.,<translation>,0.31893426179885864,0.5082263350486755,0.5373688340187073,0.5373688340187073,0.09780643880367279
Original Antique Victorian Silver Lion Locket,https://img0.etsystatic.com/216/0/10651446/il_340x270.1227371750_jb4u.jpg,Antico medaglione vittoriano in argento con leone originale,Originale Antico Leone d'Argento vittoriano Locket,Medaglione originale antico vittoriano d'argento Lion,'Ora Antico Cuoro Victoriano in argento originale',0.364279180765152,0.567023515701294,0.5456727147102356,0.5286437273025513,0.4844478666782379
"Ola, Uber drivers shift gears; launch their own taxi service",https://static.toiimg.com/thumb/msid-57638489/57638489.jpg?width=300&amp;resizemode=4,Autisti di Ola e Uber cambiano rotta; lanciano il loro proprio servizio taxi,"Ola, i conducenti di Uber cambiano marcia; lanciano il proprio servizio taxi",Ola e Uber cambiano marcia: lanciano il proprio servizio taxi,"Ola, i driver di Uber cambiano le marce; lanciano la loro propria linea di taxi.",0.30234524607658386,0.5960895419120789,0.6062161326408386,0.5728959441184998,0.5386855602264404
Chef With An Attitude Annoy At Your Own Risk Tee,https://i.pinimg.com/originals/52/9f/18/529f18a9ccbdf95c6bf958076661e3c8.png,Chef con atteggiamento: irritati a tuo rischio e pericolo (maglietta),Chef con un atteggiamento fastidioso al proprio rischio tee,Chef With An Attitude Annoying At Your Own Risk Maglietta per bambino,'Chef con un'attitudine che irrita a coloro che lo trovano',0.38325515389442444,0.5594411492347717,0.39677491784095764,0.5564512014389038,0.3279126286506653
High-rise condo in Cayan Tower with amazing views,https://media-cdn.tripadvisor.com/media/vr-splice-l/04/82/60/42.jpg,Condominio di lusso in Cayan Tower con viste incredibili,condominio a molti piani a Cayan Tower con una vista mozzafiato,Condominio di alto livello in Cayan Tower con vista mozzafiato,Condominio alto in Cayan Tower con vista spettacolare,0.2961461544036865,0.48214149475097656,0.4138953685760498,0.47977620363235474,0.38002145290374756
Louis Vuitton Monogram Tambourin (Authentic Pre Owned),https://cdn.shopify.com/s/files/1/0066/5272/products/150725-06_800x.jpeg?v=1571438740,Borsa a tracolla Louis Vuitton Monogram (usata autentica),Louis Vuitton Monogram Tambourin (Authentic Pre Owned),Louis Vuitton Monogram Tambourin (Autentico Pre Usato),Louis Vuitton Monogram Tambourin (Authentic Pre Owned),0.32821470499038696,0.6118118762969971,0.479431688785553,0.552979588508606,0.479431688785553
Genial Experienced PHP Developer Resume,https://images.sampletemplates.com/wp-content/uploads/2015/08/Experienced-PHP-Developer-Resume.jpg,Curriculum di sviluppatore PHP esperto,Riprendi sviluppatore PHP Genial Experienced,Genial Experienced PHP Developer CV,<noinput>,0.364645391702652,0.6428945064544678,0.5718376040458679,0.5922269821166992,0.33863627910614014
Assisi Doorways Portable Battery Charger,https://render.fineartamerica.com/images/rendered/search/flat/battery/images/artworkimages/medium/1/assisi-doorways-dominic-piperata.jpg?&targetx=0&targety=-119&imagewidth=864&imageheight=648&modelwidth=864&modelheight=410&backgroundcolor=DCCAAC&orientation=1&producttype=battery-5200,Caricatore portatile Assisi Doorways,Caricabatterie portatile per porte Assisi,Assisi Doorways Caricabatterie portatile,'Assisi Doorways Portable Battery Charger',0.3192215859889984,0.0012455778196454048,0.16908425092697144,0.07457433640956879,-0.03849634528160095
Mingfa Tech Indoor led cooling module design for landscape,https://img4885.weyesimg.com/uploads/335bqfkt.allweyes.com/images/0afc8aa916153bab690fef18a5c9ca30.jpg?imageView2/2/w/800/q/75,Design del modulo di raffreddamento LED per interni Mingfa Tech per paesaggio,Mingfa Tech Design del modulo di raffreddamento a led interno per il paesaggio,Mingfa Tech Indoor led modulo di raffreddamento design per il paesaggio,MingfaTech Manufacturing Limited,0.34890082478523254,0.4284360110759735,0.4411436915397644,0.44122567772865295,0.2776085138320923
Kids That Totally Suck At Hide And Seek,https://img.izismile.com/img/img8/20160302/640/kids_that_totally_suck_at_hide_and_seek_640_24.jpg,Bambini che giocano a nascondino in modo totalmente pessimo,Bambini che completamente succhiare a nascondersi e cercare,Bambini che succhiano totalmente a nascondino,'Bambini che non sono bravi a nascondersi',0.32664602994918823,0.47523027658462524,0.3841609060764313,0.43000680208206177,0.312919020652771
The article as it originally appeared.,https://s1.nyt.com/timesmachine/pages/1/1909/10/23/106722960_180W.png,L'articolo come è apparso originariamente,L'articolo com'era originariamente apparso.,L'articolo come è apparso originariamente.,L'articolo come appareva originariamente.,0.29680195450782776,0.39517393708229065,0.5737326145172119,0.4053363800048828,0.4708285331726074
Metrobank's north star elevates banking experience,https://1.bp.blogspot.com/-1fTs-nBPFJY/XSPeR_NaYgI/AAAAAAAA0r4/b-dHuZ1krhEi4KGKRwp8UFQLMS4Q8w0oQCLcBGAs/s1600/metrobank.PNG,La stella del nord di Metrobank eleva il settore bancario,La stella nord della Metrobank eleva l'esperienza bancaria,La stella polare di Metrobank eleva l'esperienza bancaria,Il 'nord della banca' eleva l'esperienza di bancaringi,0.31184279918670654,0.25179731845855713,0.3424525260925293,0.35355693101882935,0.3362698554992676
Nintendo - Super Mario Minimal Adjustable Cap,https://www.merchandisingplaza.com.au/355913/Cap-Super-Mario-Nintendo---Super-Mario-Minimal-Adjustable-Cap-s.jpg,Berretto regolabile minimal Super Mario di Nintendo,Nintendo - Super Mario Cappello minima regolabile,Nintendo - Super Mario Minimal Cappellino regolabile,Nintendo - Capo a cappello Minimo Adattabile Super Mario,0.3533276617527008,0.656309187412262,0.7081753015518188,0.7031773328781128,0.6237653493881226
U.S. police at mass shooting site at Walmart store in Texas,https://www.onlanka.com/wp-content/uploads/2019/08/us-police-at-mass-shooting-site-at-walmart-store-in-texas-260x173.jpg,Polizia degli Stati Uniti sulla scena della sparatoria di massa al Walmart in Texas,Polizia degli Stati Uniti al sito di sparatoria di massa al Walmart Store in Texas,La polizia statunitense al sito della sparatoria di massa al negozio Walmart in Texas,Polizia americane al sito di un attacco al massacro presso un negozio Walmart in Texas.,0.30353865027427673,0.4863003194332123,0.49120134115219116,0.47821274399757385,0.44699522852897644
How to Build Bookcases & Bookshelves,https://secure.syndetics.com/index.aspx?isbn=9781440346637/MC.GIF&client=lplks&type=xw12&oclc=,Come costruire librerie e scaffali per libri,Come costruire le librerie e gli scaffali,Come costruire librerie e scaffali,How to Build Bookcases & Bookshelves,0.3410084545612335,0.643256664276123,0.628265380859375,0.6230875253677368,0.5885328054428101
garden pergola ideas to help you plan your backyard setup,http://tse1.mm.bing.net/th?id=OIP.G8J_aePPXG4T3Sya0ybD7AHaE8,Idee per pergole da giardino per aiutarti a pianificare il tuo spazio esterno,pergola da giardino idee per aiutarti a pianificare il tuo backyard setup,Idee pergolato da giardino per aiutarti a pianificare la configurazione del tuo cortile,Idee pergola per il giardino per aiutarti a pianificare la configurazione della tua proprietà.,0.34215202927589417,0.6087948679924011,0.6447181105613708,0.6012212038040161,0.6074302792549133
emotions faces: Set of cartoon females faces,https://us.123rf.com/450wm/zhaconda/zhaconda1108/zhaconda110800022/10414781-set-of-cartoon-female-s-faces.jpg?ver=6,emozioni facciali: Set di volti femminili dei cartoni animati,emozioni facce: Set di vignette facce femmine,#30000000 - Emozioni facce: Set di facce femminili del fumetto,'Facce di emozioni: Set di volti femminili cartoon',0.3669852614402771,0.7356510162353516,0.6858816146850586,0.7039258480072021,0.7363658547401428
20 warm colour combinations for your autumn wardrobe,https://i.pinimg.com/236x/e2/9b/98/e29b98e7168d784c47849e62769e5d24.jpg,20 combinazioni di colori caldi per il tuo guardaroba autunnale,20 combinazioni di colori caldi per il tuo guardaroba autunnale,20 combinazioni di colori caldi per il tuo guardaroba autunnale,20 colori caldi per il tuo guardarobe autunno,0.2843911349773407,0.5438680052757263,0.5438680052757263,0.5438680052757263,0.4588838815689087
can you use prednisone for bodybuilding,https://i.pinimg.com/236x/ff/26/ac/ff26ac24a891cf1b82a88665c5296418.jpg,Puoi usare il prednisone per il bodybuilding?,si può utilizzare prednisone per il bodybuilding,Posso usare il prednisone per il bodybuilding?,Puoi usare il prednisone per il bodybuilding?,0.3069959282875061,0.44086888432502747,0.421109139919281,0.4285532832145691,0.44086888432502747
Monarch Close-up Portable Battery Charger,https://render.fineartamerica.com/images/rendered/search/flat/battery/images/artworkimages/medium/2/monarch-close-up-garden-gate-magazine.jpg?&targetx=0&targety=-83%E2%84%91width=864%E2%84%91height=576&modelwidth=864&modelheight=410&backgroundcolor=AE999E%E2%88%A8ientation=1%E2%88%8Fucttype=battery-5200,Caricatore portatile con primo piano di una farfalla,Monarch Close-up caricabatterie portatile,Caricabatteria portatile Monarch Close-up,'Charging Station Portatile con Immagine di Farfalla Monarca',0.32335227727890015,0.4537546932697296,0.2824544906616211,0.2696792483329773,0.5568102598190308
WHY SOME PEOPLE CAN LAND KICKFLIPS AND SOME PEOPLE CAN'T,https://i.ytimg.com/vi/K2ykqE2SEFw/hqdefault.jpg,"Perché alcune persone riescono a fare il ""kickflip"" e altre no?",Perche' alcune persone possono atterrare a calci e altre no?,PERCHÉ ALCUNE PERSONE POSSONO ATTERRARE KICKFLIPS E ALCUNE PERSONE NON POSSONO,Perché alcune persone riescono a far salti mortali e altre no.,0.3152620792388916,0.4881463050842285,0.4250344932079315,0.3553132712841034,0.44348636269569397
Sailboat at Sunset reflections on the Ocean,https://antonyz.com/wp-content/uploads/2016/02/sailboat-yacht-sunrise-mirrored-ocean-480x297.jpg,Barca a vela al tramonto con riflessi sull'oceano,Barca a vela al tramonto riflessioni sull'oceano,Barca a vela al tramonto riflessioni sull'oceano,"""Sailboat at Sunset reflections on the Ocean"" translates to ""Sailboat at Sunset Reflections on the Ocean"" in Italian.",0.3064517378807068,0.6122299432754517,0.6188989877700806,0.6188989877700806,0.40304407477378845
American Furniture 2700 Stationary Living Room Group,https://images.furnituredealer.net/img/collections%2Famerican_furniture%2F2700%20by%20american%20furniture_2700-lss-m1.jpg,Arredamento soggiorno stazionario American Furniture 2700,American Furniture 2700 Stazionari Soggiorno Gruppo,American Furniture 2700 Gruppo di soggiorno stazionario,"Traduzione in italiano della frase intatta: 'American Furniture 2700 Stationary Living Room Group'




Traduzione in italiano della frase intatta: 'American Furniture 2700 Stationary Living Room Group'",0.34242892265319824,0.5473569631576538,0.5048685669898987,0.35353875160217285,0.25470271706581116
Hand Embroidered Women's Slim Cut Fisherman Pants in Orange,https://cdn.shopify.com/s/files/1/0320/2242/9834/products/W-FMS02-10_0005_DSC_7744_400x.jpg?v=1597743586,Pantaloni da pescatore taglio slim ricamati a mano per donne in arancione,Mano ricamato Donna Slim Cut Fisherman pantaloni in arancione,Pantaloni da pescatore Slim Cut ricamati a mano in arancione,Pantaloni da donna in vita stretta a vita alta in orange con pizzo a mano.,0.3355870842933655,0.583979070186615,0.5520671606063843,0.5539194345474243,0.4655712842941284
All The Counties Represented On New Artwork Outside The,https://i.pinimg.com/originals/61/c2/9c/61c29cc9c7f6a47f83cc662861bdc9de.jpg,Tutte le contee rappresentate su una nuova opera d'arte all'esterno del...,Tutte le contee rappresentate su nuove opere d'arte al di fuori del,Tutte le contee rappresentate su nuove opere d'arte al di fuori del,'Tutti I Giorni Presenti Sul Nuovo Mural Esterno Al Croke Park',0.314818799495697,0.4709950387477875,0.32282745838165283,0.32282745838165283,0.5597798228263855
Digital Wedding Photography Photo Workshop,https://imgv2-2-f.scribdassets.com/img/book/59476519/original/fit_to_size/192x256/a51656eef3/1501806660?v=1,Workshop di fotografia digitale di matrimoni,Digital Wedding Photography Photo Workshop,Workshop fotografico di fotografia digitale di matrimonio,Traduzione in italiano della didascalia: 'Workshop di fotografia di matrimonio digitale',0.324194997549057,0.5717633962631226,0.5942624807357788,0.562519907951355,0.622480034828186
Stone on the shore of the lake. Royalty Free Stock Image,https://thumbs.dreamstime.com/t/stone-shore-lake-quartz-95529386.jpg,Pietra sulla riva del lago (immagine stock royalty-free),Pietra sulla riva del lago. Royalty Immagine di scorta gratis,#40000000 - Pietra sulla riva del lago. Immagine Stock Libera da Diritti,'Pietra sul lago. Immagine di proprietà di royalty free',0.32946789264678955,0.5174736976623535,0.5230069160461426,0.5361701846122742,0.3897266983985901
Practical Stainless Steel rolling shutter door,https://img4031.weyesimg.com/uploads/zhtdoors.com/images/15432164045083.jpg?imageView2/2/w/1920/q/75,Porta a serranda in acciaio inossidabile pratico,Pratica porta avvolgibile in acciaio inox,Porta a rullo in acciaio inossidabile pratica,'Porta di scorrevole in acciaio inossidabile pratico',0.3739972710609436,0.47152969241142273,0.5488470792770386,0.5393458008766174,0.4921686351299286
building construction engineer or architect vector image,https://cdn2.vectorstock.com/i/thumbs/56/91/building-construction-engineer-or-architect-vector-33675691.jpg,Ingegnere o architetto per costruzioni edili (immagine vettoriale),costruzione costruzione ingegnere o architetto vettore immagine,Ingegnere edile o architetto immagine vettoriale,"Traduzione in italiano della didascalia: 'ingegnere costruttore o architetto, immagine vettore'",0.3617696166038513,0.6395054459571838,0.7171794772148132,0.671507716178894,0.5744566917419434
unbearable noise in my mind by SaraSmaha on DeviantArt,"https://images-wixmp-ed30a86b8c4ca887773594c2.wixmp.com/f/c22ef586-445e-42e1-9336-3d83fcbdfdab/d6s9iin-a892bdd8-9c1d-475c-b1da-261c4e817adb.jpg/v1/fill/w_1024,h_1365,q_75,strp/unbearable__noise_in_my_mind_by_sarasmaha-d6s9iin.jpg?token=eyJ0eXAiOiJKV1QiLCJhbGciOiJIUzI1NiJ9.eyJpc3MiOiJ1cm46YXBwOjdlMGQxODg5ODIyNjQzNzNhNWYwZDQxNWVhMGQyNmUwIiwic3ViIjoidXJuOmFwcDo3ZTBkMTg4OTgyMjY0MzczYTVmMGQ0MTVlYTBkMjZlMCIsImF1ZCI6WyJ1cm46c2VydmljZTppbWFnZS53YXRlcm1hcmsiXSwib2JqIjpbW3sicGF0aCI6Ii9mL2MyMmVmNTg2LTQ0NWUtNDJlMS05MzM2LTNkODNmY2JkZmRhYi9kNnM5aWluLWE4OTJiZGQ4LTljMWQtNDc1Yy1iMWRhLTI2MWM0ZTgxN2FkYi5qcGciLCJ3aWR0aCI6Ijw9MTAyNCIsImhlaWdodCI6Ijw9MTM2NSJ9XV0sIndtayI6eyJwYXRoIjoiL3dtL2MyMmVmNTg2LTQ0NWUtNDJlMS05MzM2LTNkODNmY2JkZmRhYi9zYXJhc21haGEtNC5wbmciLCJvcGFjaXR5Ijo5NSwicHJvcG9ydGlvbnMiOjAuNDUsImdyYXZpdHkiOiJjZW50ZXIifX0.mYQAQBoa9e6H3Gxvy7YpE9T_9VuXO9J_qvoik1DWv1g",Rumore insopportabile nella mia mente di SaraSmaha su DeviantArt,Rumore insopportabile nella mia mente di SaraSmaha su DeviantArt,Il rumore insopportabile nella mia mente di SaraSmaha su DeviantArt,'rumore insopportabile nella mia mente',0.31647640466690063,0.2816336154937744,0.2816336154937744,0.2828601002693176,0.3372681736946106
blackpool winter gardens theatre venue theater stock photo,http://t0.gstatic.com/images?q=tbn:ANd9GcRjfJ7fWMYuQFqz7qJ5vq6OcmCyia0wi4Kd83daFOVQC-kAQY2ZpQ,Winter Gardens Blackpool (immagine stock del teatro),blackpool giardini invernali teatro teatro teatro stock foto,"Blackpool, giardini d'inverno, teatro, luogo, teatro","Teatro della Winter Gardens di Blackpool, teatro di Stock Photo.",0.31394660472869873,,,,
Journey to the River Sea (Audio CD),https://storage.googleapis.com/circlesoft/document/photos/001/101/037/large_9781405051385.jpg,Viaggio al fiume mare (CD audio),Viaggio nel Mare del Fiume (Audio CD),Viaggio al Fiume Mare (Audio CD),Journey to the River Sea (Audio CD),0.3054580092430115,0.6053974032402039,0.6083291172981262,0.586896538734436,0.5751252770423889
Helle Frederiksen leads the run in Texas,https://coloradotriathlete.com/wp-content/uploads/2015/04/Helle-Frederiksen-leading-the-run-in-Texas.-300x225.jpg,Helle Frederiksen guida la corsa in Texas,Helle Frederiksen guida la corsa in Texas,Helle Frederiksen è in testa in Texas,Helle Frederiksen guida la corsa in Texas,0.3489150106906891,0.5212258696556091,0.5212258696556091,0.39114850759506226,0.5212258696556091
germany berlin checkpoint charlie fish eye,https://mh-1-bildagentur.panthermedia.net/media/previews/0021000000/21165000/21165429_preview.jpg,Germania Berlino Checkpoint Charlie foto fish-eye,germania checkpoint berlin charlie fish eye,"Checkpoint Charlie, Berlino, Germania","""German Berlin Checkpoint Charlie fish-eye view""",0.3609486520290375,0.49825161695480347,0.4564515948295593,0.42738473415374756,0.4732045531272888
Lions And Tigers And Bears Carry-all Pouch,https://render.fineartamerica.com/images/rendered/small/flat/pouch/images/artworkimages/medium/1/lions-and-tigers-and-bears-mary-mcinnis.jpg?transparent=0&targetx=0&targety=-25&imagewidth=777&imageheight=520&modelwidth=777&modelheight=474&backgroundcolor=D6453E&orientation=0&producttype=pouch-regularbottom-medium&imageid=3987015,"Borsa con leone, tigri e orsi",Leoni e tigri e orsi Portare-tutto Pouch,Lions And Tigers And Bears Maglietta per bambino,"'Porzellanoso con scatole per l'acqua per animali di preda - Lions, Tigers, Bears'",0.33643653988838196,0.41565582156181335,0.4906655550003052,0.3922727108001709,0.41931742429733276
Advanced Primary Maths 3 Australian Curriculum Edition,https://storage.googleapis.com/circlesoft/document/photos/002/915/740/large_9780190310714.jpg?1607651031,Matematica primaria avanzata 3 Curriculum Edizione Australiana,Advanced Primary Maths 3 Australian Curriculum Edition,Matematica primaria avanzata 3 edizione australiana del curriculum,Advanced Primary Maths 3 Australian Curriculum Edition,0.3712656497955322,0.48342716693878174,0.39500880241394043,0.46931371092796326,0.39500880241394043
"Armor of God, : Armor of God and Long Sword Coloring Page",http://www.coloringsun.com/wp-content/uploads/2014/09/Armor-of-God-and-Long-Sword-Coloring-Page.jpg,L'armatura di Dio e lunga spada (pagina da colorare),"Armor of God, : Armor of God and Long Sword Coloring Page","Armor of God, : Armor of God and Long Sword Pagina da colorare","Armor of God, Coloring Page",0.3711289167404175,0.5303130745887756,0.4549844264984131,0.5210736989974976,0.38775721192359924
Delicious Biscuit Cake With Berries On Cake Stand,https://static1.bigstockphoto.com/thumbs/4/5/1/large2/154683350.jpg,Deliziosa torta di biscotti con frutti di bosco su alzata per dolci,Deliziosa Biscuit Cake con bacche su Cake Stand,Deliziosa torta di biscotti con bacche sul supporto della torta,Delizioso Desserto di Biscotti con Frutti di Bosco Sul Tavolo,0.3365837633609772,0.5047263503074646,0.547746479511261,0.5139433145523071,0.40493449568748474
Cheers! Personalized wedding Favor Tag Romantic Style,https://cdn.shopify.com/s/files/1/2597/9910/products/cheers-3_1050x.jpg?v=1592517756,Saluti! Etichetta bomboniera per matrimonio personalizzata in stile romantico,Salute! Personalizzato Favor Tag di nozze stile romantico,Saluti! Personalizzato matrimonio Favor Tag stile romantico,'Cheers! Personalized wedding Favor Tag Romantic Style',0.3564818799495697,0.5751651525497437,0.6469995975494385,0.6217310428619385,0.6150298714637756
Minds and Bodies : An Introduction with Readings - eBook,https://tmg.dmmserver.com/media/140/97811356/9781135640552.jpg,Menti e corpi: Un'introduzione con letture - eBook,Mente e corpi: Introduzione con letture - eBook,Menti e Corpi: Un'Introduzione con letture - eBook,Menti e corpi: Un'introduzione con letture - eBook,0.3800678551197052,0.33438146114349365,0.3220599293708801,0.33438146114349365,0.33438146114349365
Table decorations for Blush and dusty blue wedding,https://www.colorsbridesmaid.com/media/wysiwyg/blog/b283/b283_table_decorations_for_%20blush_and_dusty_blue_wedding_4.jpg,Decorazioni per tavoli da matrimonio in blush e blu polvere,Decorazioni da tavolo per matrimonio Blush e blu polveroso,Decorazioni da tavola per Blush e polveroso matrimonio blu,Decorazioni del tavolo per il matrimonio di Blush e di pasticcio azzurro,0.3346335291862488,0.632488489151001,0.6425750851631165,0.602614164352417,0.6241966485977173
"Teacher Quotes, teaching without inspiration",https://cdn.quotesgram.com/small/63/20/1453202363-Teacher-Who-Is-Not-Inspiring-Pupil-Quote-PQ-0104-2012-TN.jpg,Citazioni per insegnanti: insegnare senza ispirazione,"Citazioni degli insegnanti, insegnamento senza ispirazione","Citazioni di insegnanti, insegnamento senza ispirazione","""L'insegnante che cerca di insegnare senza ispirare il pupillo con un desiderio di imparare è ammarezzando su ferro caldo."" - Horace Mann",0.3016302287578583,0.601203203201294,0.6110246777534485,0.5852940678596497,0.25098878145217896
Beautiful bride with wedding flowers bou,"https://static.wixstatic.com/media/6c77dc_6bb6e58a61484aa9bb728ac793ef131a~mv2.jpg/v1/fill/w_749,h_500,al_c,q_90/6c77dc_6bb6e58a61484aa9bb728ac793ef131a~mv2.jpg",Bella sposa con bouquet di fiori da matrimonio,Bella sposa con fiori di nozze bou,Bella sposa con i fiori di nozze bou,Bellezza della sposa con bouquet di fiori di matrimonio,0.3197256624698639,0.5940861701965332,0.5923789739608765,0.5970700979232788,0.637529194355011
Iron Maiden: Legacy of the Beast - Night City,https://readcomicmanga.com/upload/download_comic/cover/i/Iron-Maiden-Legacy-of-the-Beast-Night-City.jpg,Iron Maiden: Legacy of the Beast - Città Notturna,Iron Maiden: L'eredità della Bestia - Città della Notte,Iron Maiden: Legacy of the Beast - Nuova immagine,Iron Maiden: Legacy of the Beast - Night City,0.3378620743751526,0.4409518837928772,0.5289538502693176,0.5990627408027649,0.605286180973053
happy mothers day greeting card a beautiful vector image,https://cdn.vectorstock.com/i/thumbs/14/64/happy-mothers-day-greeting-card-a-beautiful-vector-19971464.jpg,"Felice festa della mamma (cartolina di auguri, bella immagine vettoriale)",happy mothers day greeting card una bella immagine vettoriale,#30000000 - felice biglietto di auguri per la festa delle madri una bella immagine vettoriale,"""Grazie di Matera""",0.3611224293708801,0.5420801043510437,0.497531533241272,0.5461845397949219,0.2331087738275528
woman in white wedding gown facing the mirror,https://images.unsplash.com/photo-1558888522-a0172835ccd7?ixlib=rb-1.2.1&ixid=eyJhcHBfaWQiOjEyMDd9&w=1000&q=80,Donna in abito da sposa bianco di fronte allo specchio,donna in abito da sposa bianco di fronte allo specchio,#30000000 - donna in abito da sposa bianco di fronte allo specchio,"""Donna in abito da sposa bianco che guarda nel mirror""",0.3065454661846161,0.6519925594329834,0.6519925594329834,0.6273447275161743,0.6053480505943298
Iphigenia in Thrakien am Teatro de la Zarzuela in Madrid,https://www.brioclasica.es/wp-content/uploads/2016/12/Iphigenia_en_Tracia.jpg,Ifigenia in Tracia al Teatro de la Zarzuela di Madrid,Iphigenia in Trakien am Teatro de la Zarzuela a Madrid,Ifigenia in Thrakien al Teatro de la Zarzuela di Madrid,Iphigenia in Thrakien al Teatro de la Zarzuela a Madrid.,0.3041260838508606,0.4884716272354126,0.6224830746650696,0.5349271893501282,0.6161805391311646
Cover for The Oxford Handbook of Transcendentalism,https://fdslive.oup.com/covers/uk/180-180-72-jpg-RGB-85/9780195331035.jpg,"Copertina per ""The Oxford Handbook of Transcendentalism""",Copertina del manuale di Oxford sul trascendentalismo,Copertina per Il manuale di Oxford di trascendentalismo,Cover for The Oxford Handbook of Transcendentalism,0.3803842067718506,0.44373390078544617,0.4726821482181549,0.48518091440200806,0.4275219738483429
Calvin Klein slim fit 4-pocket sateen pants,https://img.shopstyle-cdn.com/pim/5c/60/5c60655d64f67c88dfb0e85a67d84657_xlarge.jpg,Pantaloni slim fit a 4 tasche in satin Calvin Klein,Calvin Klein slim fit 4 tasche sateen pantaloni,Calvin Klein Pantaloni slim fit a 4 tasche in raso,Calvin Klein slip-on sateen pants con cucchiaio a 4 mani,0.320341020822525,0.6015012264251709,0.5981794595718384,0.6009809970855713,0.4276030361652374
Glass with light beer isolated on the white,https://thumb1.shutterstock.com/image-photo/stock-photo-glass-with-light-beer-isolated-on-the-white-450w-125434010.jpg,Bicchiere con birra chiara isolato su sfondo bianco,Vetro con birra leggera isolata sul bianco,#30000000 - Vetro con birra leggera isolato sul bianco,Vase con birra leggera isolata sul bianco,0.36418959498405457,0.6940047144889832,0.7164684534072876,0.6897902488708496,0.6926342844963074
Rubio's radical denial of climate change,"https://media-cldnry.s-nbcnews.com/image/upload/t_video_250x168,f_auto,q_auto:best/MSNBC/Components/Video/__NEW/n_ed_1ru_140514.jpg",Il rifiuto radicale di Rubio del cambiamento climatico,La radicale negazione del cambiamento climatico da parte di Rubio,La negazione radicale del cambiamento climatico da parte di Rubio,"'Denialismo climatico di Rubio, estremo'",0.3273124694824219,0.35426652431488037,0.3938520550727844,0.3691045343875885,0.21404345333576202
Road of  the Dead Sea Stock Footage,https://images.pond5.com/road-dead-sea-footage-010939691_iconm.jpeg,Filmato stock della strada del Mar Morto,Road of the Dead Sea Stock Footage,Strada del Mar Morto Stock Footage,"""Strada sul lago di morte Stock Footage""",0.33668893575668335,0.7221876978874207,0.5089712142944336,0.6104817390441895,0.5687631964683533
Black Pearl Pirates Stainless Steel Skull Ring,https://cdn.shopify.com/s/files/1/0262/1423/6212/products/gthic-ring-silver-10-black-pearl-pirates-stainless-steel-skull-ring-13903190130740_800x.jpg?v=1592131996,Anello con teschio in acciaio inossidabile dei Pirati della Perla Nera,Black Pearl Pirati acciaio inossidabile anello del cranio,Anello in acciaio inossidabile con teschio pirati della perla nera,"""Ring in stainless steel con forma di cranio nero""",0.3638607859611511,0.575334906578064,0.580046534538269,0.5571152567863464,0.49134561419487
A black dog snuggles with a tabby kitten.,https://www.volvethosp.com/blog/wp-content/uploads/2021/02/Volunteer_iStock-1284834234.jpg,Un cane nero si coccola con un gattino tigrato,Un cane nero si coccola con un gattino tabby.,Un cane nero si coccola con un gattino tabby.,Un cane nero accarezza con un gatto mattese.,0.3375117778778076,0.6498429775238037,0.6290088891983032,0.6290088891983032,0.5384743213653564
"Family Forest, Tree, Car, Sun &  Birds Wall Sticker!",https://cdn.shopify.com/s/files/1/2478/5554/products/product-image-432614868_1200x.jpg?v=1515490384,"Foresta familiare, albero, auto, sole e uccelli (adesivo da parete)","Family Forest, Tree, Car, Sun & Birds Wall Sticker!","Famiglia foresta, albero, auto, sole e uccelli adesivo da parete!","""Foresta di Famiglia, Albero, Carro, Sole & Pipistrelli""",0.32305625081062317,0.48564088344573975,0.48000818490982056,0.4981120526790619,0.4671647250652313
Win Tickets to Jesus Christ Superstar!!!,http://kens-download.edgesuite.net/video/10682690/10682690_Thumb.jpg?quality=80&auto=webp&height=148&width=198&fit=crop&crop=198%2C148,Vinci i biglietti per Jesus Christ Superstar!!!,Vinci i biglietti per Gesù Cristo Superstar!!!,Vinci i biglietti per Jesus Christ Superstar!!!,Vincere biglietti a Jesus Christ Superstar!!,0.33151763677597046,0.4482930302619934,0.4178065061569214,0.4482930302619934,0.4318124055862427
Oil barrels imposed over a line graph,https://www.burkeoil.com/hs-fs/hub/22817/file-1809815975-jpg/shutterstock_77389978.jpg?t=1532866984893&amp;width=218&amp;name=shutterstock_77389978.jpg,Barili di petrolio imposti su un grafico a linee,Botte d'olio imposte su un grafico a linea,Barili di petrolio imposti su un grafico a linee,Barriochi di petrolio posti sopra a una linea grafica,0.3057776391506195,0.6227007508277893,0.5377224087715149,0.6227007508277893,0.5197479128837585
Pastoral Counseling For Orphans And Vulnerable Children,http://books.google.com/books/content?id=8qZaDwAAQBAJ&printsec=frontcover&img=1&zoom=1&edge=curl&source=gbs_api,Consulenza pastorale per orfani e bambini vulnerabili,Consulenza pastorale per orfani e bambini vulnerabili,Consulenza pastorale per orfani e bambini vulnerabili,Translation of the caption: 'Pastoral Counseling for Orphans and Vulnerable Children',0.3351593315601349,0.6358942985534668,0.6358942985534668,0.6358942985534668,0.5895240306854248
a woman standing in front of a window,https://d113wk4ga3f0l0.cloudfront.net/c?o=eJw1jcsOgyAURP-FtcGLYpXu-hfdGQpXpWghPGKapv9e-prNZJI5Mw8SXQ4KR4t3ciSi5gNr-rZugA3AgbOeCQ41fDTCuT3xjh3o1c-k-qOXrCymQiu30dXMS4rJKUvNJmeMNPvVSR2pD05nlYy7FfR7N3XT1IoSd6PTQo6DgIos-J74hYSbX2XCUt6LhU0GixoYeb4Ad3k6NQ==&amp;s=2d83e2fb61d79b4e62bbdcbaa440e7b747a2f9e1,Una donna in piedi davanti a una finestra,una donna in piedi davanti a una finestra,Una donna in piedi davanti a una finestra,Una donna seduta di fronte alla finestra,0.3134802579879761,0.5974484086036682,0.5974484086036682,0.5974484086036682,0.6302782893180847
Personalised Star Children's Birthday Cake Topper,https://cdn2.shopify.com/s/files/1/1045/0086/products/il_fullxfull.951944988_8svl_large.jpeg?v=1526460554,Topper personalizzato a stella per torta di compleanno per bambini,Torta di compleanno dei bambini della stella personalizzata Topper,Personalizzato Star Cake Topper di compleanno per bambini,Personalizzatore albero di natale per bambini,0.3007497787475586,0.42296963930130005,0.4338706135749817,0.5124643445014954,0.12880781292915344
The Protein Works referral code offer,https://web-tips.co.uk/wp-content/uploads/2018/04/theproteinworks-refer-a-friend-code-go-protein-works.jpg,Offerta codice di riferimento The Protein Works,Offerta del codice di riferimento di Protein Works,L'offerta del codice di riferimento Protein Works,L'offerta di codice di referenza di Protein Works,0.31633707880973816,0.3651526868343353,0.43587297201156616,0.4602353572845459,0.47990715503692627
Palermo Cathedral photomerge Editorial Photography,https://thumbs.dreamstime.com/x/palermo-cathedral-photomerge-27404347.jpg,Cattedrale di Palermo (fotomontaggio editoriale),Fotografia Editoriale della Cattedrale di Palermo,Palermo Cathedral photomerge Fotografia Editoriale,"La Cattedrale di Palermo, un'immagine di fotografia editoriale.



<|user",0.3213210105895996,0.5367816090583801,0.4773021936416626,0.5024430751800537,0.582101583480835
Together We Make A Family Vinyl Wall Decal Sticker,https://img1.etsystatic.com/060/1/9060756/il_340x270.686675455_fcze.jpg,Insieme creiamo una famiglia (adesivo da parete in vinile),Insieme creiamo un adesivo per decorazione a parete in vinile di famiglia,Insieme facciamo un adesivo di decalcomania della parete del vinile di famiglia,Insieme Facciamo Una Famiglia Vinil Deco Sticker,0.4195493161678314,0.6854901909828186,0.6677776575088501,0.6329739093780518,0.6107131838798523
